celebrity_name,ballroom_partner,celebrity_industry,celebrity_homestate,celebrity_homecountry/region,celebrity_age_during_season,season,placement,cumulative_total_score,overall_avg_score,score_trend,industry_encoded,country_encoded,active_weeks,is_winner,final_rank,age,age_group,age_group_encoded,industry_group,industry_Entertainment,industry_Sports,industry_Reality/Model,industry_Media,industry_Other,region,is_us,region_encoded
John O'Hurley,Charlotte Jorgensen,Actor/Actress,Maine,United States,50,1,2,145.0,8.055555555555555,0.3333333333333333,0,22,6,False,2.0,50,Senior (45-54),2,Entertainment,1,0,0,0,0,Northeast,1,2
Kelly Monaco,Alec Mazo,Actor/Actress,Pennsylvania,United States,29,1,1,128.0,7.111111111111111,0.9238095238095236,0,22,6,True,1.0,29,Prime (25-34),1,Entertainment,1,0,0,0,0,Northeast,1,2
Evander Holyfield,Edyta Sliwinska,Athlete,Alabama,United States,42,1,5,45.0,2.5,-0.8333333333333334,4,22,3,False,,42,Mature (35-44),0,Sports,0,1,0,0,0,Southeast,1,4
Rachel Hunter,Jonathan Roberts,Model,Unknown,New Zealand,35,1,4,95.0,5.277777777777778,0.5666666666666667,3,14,4,False,,35,Mature (35-44),0,Reality/Model,0,0,1,0,0,Non-US,0,1
Joey McIntyre,Ashly DelGrosso,Singer/Rapper,Massachusetts,United States,32,1,3,105.5,5.861111111111112,0.1333333333333333,0,22,5,False,3.0,32,Prime (25-34),1,Entertainment,1,0,0,0,0,Northeast,1,2
Trista Sutter,Louis van Amstel,TV Personality,Indiana,United States,32,1,6,37.0,2.055555555555556,0.333333333333333,3,22,2,False,,32,Prime (25-34),1,Reality/Model,0,0,1,0,0,Midwest,1,0
Tatum O'Neal,Nick Kosovich,Actor/Actress,California,United States,42,2,9,40.0,1.6666666666666667,-2.0,0,22,2,False,,42,Mature (35-44),0,Entertainment,1,0,0,0,0,West,1,6
Tia Carrere,Maksim Chmerkoskiy,Actor/Actress,Hawaii,United States,39,2,6,115.0,4.791666666666667,0.2333333333333333,0,22,5,False,,39,Mature (35-44),0,Entertainment,1,0,0,0,0,West,1,6
George Hamilton,Edyta Sliwinska,Actor/Actress,Tennessee,United States,66,2,5,130.0,5.416666666666666,0.2857142857142858,0,22,6,False,,66,Veteran (55+),3,Entertainment,1,0,0,0,0,Southeast,1,4
Lisa Rinna,Louis van Amstel,Actor/Actress,California,United States,42,2,4,168.5,7.020833333333334,0.4345238095238095,0,22,7,False,,42,Mature (35-44),0,Entertainment,1,0,0,0,0,West,1,6
Stacy Keibler,Tony Dovolani,Athlete,Maryland,United States,26,2,3,220.1665,9.173604166666667,0.2070059523809524,4,22,8,False,3.0,26,Prime (25-34),1,Sports,0,1,0,0,0,Southeast,1,4
Jerry Rice,Anna Trebunskaya,Athlete,Mississippi,United States,43,2,2,180.1666,7.506941666666667,0.1514531746031746,4,22,8,False,2.0,43,Mature (35-44),0,Sports,0,1,0,0,0,Southeast,1,4
Giselle Fernandez,Jonathan Roberts,News Anchor,Unknown,Mexico,44,2,8,69.0,2.875,-0.1666666666666669,1,13,3,False,,44,Mature (35-44),0,Media,0,0,0,1,0,Non-US,0,1
Master P,Ashly DelGrosso,Singer/Rapper,Louisiana,United States,35,2,7,50.0,2.083333333333333,-0.4666666666666666,0,22,4,False,,35,Mature (35-44),0,Entertainment,1,0,0,0,0,Southeast,1,4
Drew Lachey,Cheryl Burke,Singer/Rapper,Ohio,United States,29,2,1,219.4998,9.145825,0.18055,0,22,8,True,1.0,29,Prime (25-34),1,Entertainment,1,0,0,0,0,Midwest,1,0
Kenny Mayne,Andrea Hale,Sports Broadcaster,Washington,United States,46,2,10,13.0,0.5416666666666666,0.0,4,22,1,False,,46,Senior (45-54),2,Sports,0,1,0,0,0,West,1,6
Harry Hamlin,Ashly DelGrosso,Actor/Actress,California,United States,54,3,9,60.0,2.0,0.833333333333333,0,22,3,False,,54,Senior (45-54),2,Entertainment,1,0,0,0,0,West,1,6
Vivica A. Fox,Nick Kosovich,Actor/Actress,Indiana,United States,42,3,8,97.0,3.233333333333333,0.3000000000000001,0,22,4,False,,42,Mature (35-44),0,Entertainment,1,0,0,0,0,Midwest,1,0
Monique Coleman,Louis van Amstel,Actor/Actress,South Carolina,United States,25,3,4,199.5,6.65,0.1924603174603176,0,22,8,False,,25,Prime (25-34),1,Entertainment,1,0,0,0,0,Southeast,1,4
Joey Lawrence,Edyta Sliwinska,Actor/Actress,Pennsylvania,United States,30,3,3,233.0,7.7666666666666675,0.2111111111111112,0,22,9,False,3.0,30,Prime (25-34),1,Entertainment,1,0,0,0,0,Northeast,1,2
Mario Lopez,Karina Smirnoff,Actor/Actress,California,United States,32,3,2,268.6666,8.955553333333334,0.2484836363636364,0,22,10,False,2.0,32,Prime (25-34),1,Entertainment,1,0,0,0,0,West,1,6
Emmitt Smith,Cheryl Burke,Athlete,Florida,United States,37,3,1,257.6666,8.588886666666667,0.2848472727272728,4,22,10,True,1.0,37,Mature (35-44),0,Sports,0,1,0,0,0,Southeast,1,4
Shanna Moakler,Jesse DeSoto,Model,Rhode Island,United States,31,3,10,40.0,1.3333333333333333,1.333333333333333,3,22,2,False,,31,Prime (25-34),1,Reality/Model,0,0,1,0,0,Northeast,1,2
Willa Ford,Maksim Chmerkoskiy,Singer/Rapper,Florida,United States,25,3,7,122.0,4.066666666666667,0.5000000000000001,0,22,5,False,,25,Prime (25-34),1,Entertainment,1,0,0,0,0,Southeast,1,4
Sara Evans,Tony Dovolani,Singer/Rapper,Missouri,United States,35,3,6,105.0,3.5,0.5666666666666668,0,22,5,False,,35,Mature (35-44),0,Entertainment,1,0,0,0,0,Midwest,1,0
Jerry Springer,Kym Johnson,TV Personality,Unknown,England,62,3,5,143.0,4.766666666666668,0.261904761904762,3,8,7,False,,62,Veteran (55+),3,Reality/Model,0,0,1,0,0,Non-US,0,1
Tucker Carlson,Elena Grinenko,TV Personality,California,United States,37,3,11,12.0,0.4,0.0,3,22,1,False,,37,Mature (35-44),0,Reality/Model,0,0,1,0,0,West,1,6
John Ratzenberger,Edyta Sliwinska,Actor/Actress,Connecticut,United States,59,4,6,133.5,4.45,0.1249999999999999,0,22,7,False,,59,Veteran (55+),3,Entertainment,1,0,0,0,0,Northeast,1,2
Ian Ziering,Cheryl Burke,Actor/Actress,New Jersey,United States,42,4,4,218.5,7.283333333333333,0.236111111111111,0,22,9,False,,42,Mature (35-44),0,Entertainment,1,0,0,0,0,Northeast,1,2
Clyde Drexler,Elena Grinenko,Athlete,Louisiana,United States,44,4,8,78.0,2.6,-0.3,4,22,5,False,,44,Mature (35-44),0,Sports,0,1,0,0,0,Southeast,1,4
Laila Ali,Maksim Chmerkoskiy,Athlete,Florida,United States,29,4,3,262.33320000000003,8.74444,0.2464622222222223,4,22,10,False,3.0,29,Prime (25-34),1,Sports,0,1,0,0,0,Southeast,1,4
Apolo Anton Ohno,Julianne Hough,Athlete,Washington,United States,24,4,1,268.8332,8.961106666666666,0.2636339393939394,4,22,10,True,1.0,24,Young (<25),4,Sports,0,1,0,0,0,West,1,6
Shandi Finnessey,Brian Fortuna,Beauty Pagent,Missouri,United States,28,4,10,60.0,2.0,0.3333333333333335,2,22,3,False,,28,Prime (25-34),1,Other,0,0,0,0,1,Midwest,1,0
Paulina Porizkova,Alec Mazo,Model,Unknown,Czechoslovakia,41,4,11,40.0,1.3333333333333333,0.666666666666667,3,7,2,False,,41,Mature (35-44),0,Reality/Model,0,0,1,0,0,Non-US,0,1
Heather Mills,Jonathan Roberts,Model,Unknown,England,39,4,7,133.0,4.433333333333334,0.1428571428571429,3,8,6,False,,39,Mature (35-44),0,Reality/Model,0,0,1,0,0,Non-US,0,1
Billy Ray Cyrus,Karina Smirnoff,Singer/Rapper,Kentucky,United States,45,4,5,152.0,5.066666666666667,0.111111111111111,0,22,8,False,,45,Senior (45-54),2,Entertainment,1,0,0,0,0,Southeast,1,4
Joey Fatone,Kym Johnson,Singer/Rapper,New York,United States,30,4,2,267.6665,8.922216666666667,0.2181787878787879,0,22,10,False,2.0,30,Prime (25-34),1,Entertainment,1,0,0,0,0,Northeast,1,2
Leeza Gibbons,Tony Dovolani,TV Personality,South Carolina,United States,50,4,9,76.0,2.533333333333333,0.1999999999999999,3,22,4,False,,50,Senior (45-54),2,Reality/Model,0,0,1,0,0,Southeast,1,4
Cameron Mathison,Edyta Sliwinska,Actor/Actress,Unknown,Canada,38,5,5,194.0,6.466666666666667,0.2341269841269841,0,3,8,False,,38,Mature (35-44),0,Entertainment,1,0,0,0,0,Non-US,0,1
Jane Seymour,Tony Dovolani,Actor/Actress,Unknown,England,56,5,6,171.0,5.7,0.0476190476190476,0,8,7,False,,56,Veteran (55+),3,Entertainment,1,0,0,0,0,Non-US,0,1
Sabrina Bryan,Mark Ballas,Actor/Actress,California,United States,23,5,7,162.0,5.4,0.0380952380952383,0,22,6,False,,23,Young (<25),4,Entertainment,1,0,0,0,0,West,1,6
Jennie Garth,Derek Hough,Actor/Actress,Illinois,United States,35,5,4,227.5,7.583333333333333,0.25,0,22,9,False,,35,Mature (35-44),0,Entertainment,1,0,0,0,0,Midwest,1,0
Floyd Mayweather Jr. ,Karina Smirnoff,Athlete,Michigan,United States,30,5,9,83.0,2.7666666666666666,0.5000000000000001,4,22,4,False,,30,Prime (25-34),1,Sports,0,1,0,0,0,Midwest,1,0
Josie Maran,Alec Mazo,Model,California,United States,29,5,12,16.0,0.5333333333333333,0.0,3,22,1,False,,29,Prime (25-34),1,Reality/Model,0,0,1,0,0,West,1,6
Albert Reed,Anna Trebunskaya,Model,Florida,United States,22,5,11,42.0,1.4,0.0,3,22,2,False,,22,Young (<25),4,Reality/Model,0,0,1,0,0,Southeast,1,4
Helio Castroneves,Julianne Hough,Racing Driver,Unknown,Brazil,32,5,1,266.4999,8.88333,0.1464628282828283,2,2,10,True,1.0,32,Prime (25-34),1,Other,0,0,0,0,1,Non-US,0,1
Mel B,Maksim Chmerkoskiy,Singer/Rapper,Unknown,England,32,5,2,272.3332,9.077773333333331,0.1959571717171717,0,8,10,False,2.0,32,Prime (25-34),1,Entertainment,1,0,0,0,0,Non-US,0,1
Wayne Newton,Cheryl Burke,Singer/Rapper,Virginia,United States,65,5,10,52.0,1.7333333333333332,-0.1666666666666665,0,22,3,False,,65,Veteran (55+),3,Entertainment,1,0,0,0,0,Southeast,1,4
Marie Osmond,Jonathan Roberts,Singer/Rapper,Utah,United States,47,5,3,242.5,8.083333333333332,0.0818181818181818,0,22,10,False,3.0,47,Senior (45-54),2,Entertainment,1,0,0,0,0,West,1,6
Mark Cuban,Kym Johnson,TV Personality,Pennsylvania,United States,49,5,8,102.0,3.4,0.1333333333333333,3,22,5,False,,49,Senior (45-54),2,Reality/Model,0,0,1,0,0,Northeast,1,2
Cristian de la Fuente,Cheryl Burke,Actor/Actress,Unknown,Chile,34,6,3,247.5,8.25,0.2292929292929293,0,4,10,False,3.0,34,Prime (25-34),1,Entertainment,1,0,0,0,0,Non-US,0,1
Steve Guttenberg,Anna Trebunskaya,Actor/Actress,New York,United States,49,6,10,55.0,1.8333333333333333,0.5,0,22,3,False,,49,Senior (45-54),2,Entertainment,1,0,0,0,0,Northeast,1,2
Priscilla Presley,Louis van Amstel,Actor/Actress,New York,United States,62,6,8,114.0,3.8,-0.1666666666666667,0,22,5,False,,62,Veteran (55+),3,Entertainment,1,0,0,0,0,Northeast,1,2
Marlee Matlin,Fabian Sanchez,Actor/Actress,Illinois,United States,42,6,7,134.0,4.466666666666667,-0.0761904761904761,0,22,6,False,,42,Mature (35-44),0,Entertainment,1,0,0,0,0,Midwest,1,0
Shannon Elizabeth,Derek Hough,Actor/Actress,Texas,United States,34,6,6,169.5,5.65,0.1488095238095238,0,22,7,False,,34,Prime (25-34),1,Entertainment,1,0,0,0,0,Southwest,1,5
Marissa Jaret Winokur,Tony Dovolani,Actor/Actress,New York,United States,35,6,4,209.0,6.966666666666667,0.3333333333333333,0,22,9,False,,35,Mature (35-44),0,Entertainment,1,0,0,0,0,Northeast,1,2
Jason Taylor,Edyta Sliwinska,Athlete,Pennsylvania,United States,33,6,2,261.5,8.716666666666667,0.1404040404040403,4,22,10,False,2.0,33,Prime (25-34),1,Sports,0,1,0,0,0,Northeast,1,2
Kristi Yamaguchi,Mark Ballas,Athlete,California,United States,36,6,1,282.0,9.4,0.0707070707070707,4,22,10,True,1.0,36,Mature (35-44),0,Sports,0,1,0,0,0,West,1,6
Monica Seles,Jonathan Roberts,Athlete,Unknown,Yugoslavia,34,6,11,30.0,1.0,0.0,4,25,2,False,,34,Prime (25-34),1,Sports,0,1,0,0,0,Non-US,0,1
Penn Jillette,Kym Johnson,Magician,Massachusetts,United States,53,6,12,33.0,1.1,0.3333333333333339,2,22,2,False,,53,Senior (45-54),2,Other,0,0,0,0,1,Northeast,1,2
Adam Carolla,Julianne Hough,Radio Personality,California,United States,43,6,9,74.0,2.4666666666666663,0.4666666666666666,2,22,4,False,,43,Mature (35-44),0,Other,0,0,0,0,1,West,1,6
Mario,Karina Smirnoff,Singer/Rapper,Maryland,United States,21,6,5,202.0,6.733333333333334,0.1547619047619048,0,22,8,False,,21,Young (<25),4,Entertainment,1,0,0,0,0,Southeast,1,4
Ted McGinley,Inna Brayer,Actor/Actress,California,United States,50,7,12,18.5,0.6166666666666667,0.0,0,22,1,False,,50,Senior (45-54),2,Entertainment,1,0,0,0,0,West,1,6
Cloris Leachman,Corky Ballas,Actor/Actress,Iowa,United States,82,7,7,105.0,3.5,0.180952380952381,0,22,6,False,,82,Veteran (55+),3,Entertainment,1,0,0,0,0,Midwest,1,0
Susan Lucci,Tony Dovolani,Actor/Actress,New York,United States,61,7,6,153.5,5.116666666666667,0.2559523809523809,0,22,7,False,,61,Veteran (55+),3,Entertainment,1,0,0,0,0,Northeast,1,2
Cody Linley,Julianne Hough,Actor/Actress,Texas,United States,18,7,4,205.5,6.85,0.1166666666666667,0,22,9,False,,18,Young (<25),4,Entertainment,1,0,0,0,0,Southwest,1,5
Misty May-Treanor,Maksim Chmerkoskiy,Athlete,California,United States,31,7,10,42.0,1.4,0.0,4,22,2,False,,31,Prime (25-34),1,Sports,0,1,0,0,0,West,1,6
Maurice Greene,Cheryl Burke,Athlete,Kansas,United States,34,7,5,179.5,5.983333333333333,0.2361111111111112,4,22,8,False,,34,Prime (25-34),1,Sports,0,1,0,0,0,Midwest,1,0
Warren Sapp,Kym Johnson,Athlete,Florida,United States,35,7,2,242.5,8.083333333333334,0.1303030303030302,4,22,10,False,2.0,35,Mature (35-44),0,Sports,0,1,0,0,0,Southeast,1,4
Jeffrey Ross,Edyta Sliwinska,Comedian,New Jersey,United States,43,7,13,12.0,0.4,0.0,2,22,1,False,,43,Mature (35-44),0,Other,0,0,0,0,1,Northeast,1,2
Toni Braxton,Alec Mazo,Singer/Rapper,Maryland,United States,40,7,8,111.5,3.7166666666666672,-0.0666666666666667,0,22,5,False,,40,Mature (35-44),0,Entertainment,1,0,0,0,0,Southeast,1,4
Lance Bass,Lacey Schwimmer,Singer/Rapper,Mississippi,United States,29,7,3,243.5,8.116666666666667,0.2656565656565656,0,22,10,False,3.0,29,Prime (25-34),1,Entertainment,1,0,0,0,0,Southeast,1,4
Kim Kardashian,Mark Ballas,TV Personality,California,United States,27,7,11,35.5,1.1833333333333331,-0.5,3,22,2,False,,27,Prime (25-34),1,Reality/Model,0,0,1,0,0,West,1,6
Rocco DiSpirito,Karina Smirnoff,TV Personality,New York,United States,41,7,9,71.5,2.3833333333333337,0.1833333333333335,3,22,4,False,,41,Mature (35-44),0,Reality/Model,0,0,1,0,0,Northeast,1,2
Brooke Burke,Derek Hough,TV Personality,Connecticut,United States,37,7,1,269.5,8.983333333333333,0.1202020202020201,3,22,10,True,1.0,37,Mature (35-44),0,Reality/Model,0,0,1,0,0,Northeast,1,2
Gilles Marini,Cheryl Burke,Actor/Actress,Unknown,France,33,8,2,304.5,9.227272727272728,0.0999999999999999,0,9,11,False,2.0,33,Prime (25-34),1,Entertainment,1,0,0,0,0,Non-US,0,1
Denise Richards,Maksim Chmerkoskiy,Actor/Actress,Illinois,United States,38,8,12,55.0,1.6666666666666663,-0.3333333333333335,0,22,3,False,,38,Mature (35-44),0,Entertainment,1,0,0,0,0,Midwest,1,0
David Alan Grier,Kym Johnson,Actor/Actress,Michigan,United States,52,8,9,104.0,3.1515151515151514,0.3666666666666666,0,22,5,False,,52,Senior (45-54),2,Entertainment,1,0,0,0,0,Midwest,1,0
Lawrence Taylor,Edyta Sliwinska,Athlete,Virginia,United States,50,8,7,138.0,4.181818181818182,0.2261904761904761,4,22,7,False,,50,Senior (45-54),2,Sports,0,1,0,0,0,Southeast,1,4
Ty Murray,Chelsie Hightower,Athlete,Arizona,United States,39,8,4,218.0,6.606060606060606,0.2424242424242424,4,22,10,False,,39,Mature (35-44),0,Sports,0,1,0,0,0,Southwest,1,5
Shawn Johnson,Mark Ballas,Athlete,Iowa,United States,17,8,1,291.0,8.818181818181817,0.1757575757575757,4,22,11,True,1.0,17,Young (<25),4,Sports,0,1,0,0,0,Midwest,1,0
Steve Wozniak,Karina Smirnoff,Entrepreneur,California,United States,58,8,10,52.0,1.575757575757576,-0.3333333333333332,2,22,4,False,,58,Veteran (55+),3,Other,0,0,0,0,1,West,1,6
Belinda Carlisle,Jonathan Roberts,Singer/Rapper,California,United States,50,8,13,35.0,1.0606060606060608,0.333333333333333,0,22,2,False,,50,Senior (45-54),2,Entertainment,1,0,0,0,0,West,1,6
Chuck Wicks,Julianne Hough,Singer/Rapper,Delaware,United States,29,8,6,183.5,5.560606060606061,0.2956349206349206,0,22,8,False,,29,Prime (25-34),1,Entertainment,1,0,0,0,0,Southeast,1,4
Lil' Kim,Derek Hough,Singer/Rapper,New York,United States,34,8,5,230.0,6.96969696969697,0.211111111111111,0,22,9,False,,34,Prime (25-34),1,Entertainment,1,0,0,0,0,Northeast,1,2
Steve-O,Lacey Schwimmer,TV Personality,Unknown,England,34,8,8,95.0,2.878787878787879,0.0666666666666665,3,8,6,False,,34,Prime (25-34),1,Reality/Model,0,0,1,0,0,Non-US,0,1
Holly Madison,Dmitry Chaplin,TV Personality,Oregon,United States,30,8,11,69.0,2.090909090909091,-0.2333333333333334,3,22,4,False,,30,Prime (25-34),1,Reality/Model,0,0,1,0,0,West,1,6
Melissa Rycroft,Tony Dovolani,TV Personality,Texas,United States,26,8,3,293.5,8.893939393939394,0.0909090909090909,3,22,11,False,3.0,26,Prime (25-34),1,Reality/Model,0,0,1,0,0,Southwest,1,5
Ashley Hamiliton,Edyta Sliwinska,Actor/Actress,California,United States,34,9,16,18.9999,0.6333300000000001,0.0,0,22,1,False,,34,Prime (25-34),1,Entertainment,1,0,0,0,0,West,1,6
Debi Mazar,Maksim Chmerkoskiy,Actor/Actress,New York,United States,45,9,12,60.0,2.0,-0.833333333333333,0,22,3,False,,45,Senior (45-54),2,Entertainment,1,0,0,0,0,Northeast,1,2
Melissa Joan Hart,Mark Ballas,Actor/Actress,New York,United States,33,9,9,136.9999,4.5666633333333335,0.1999952380952381,0,22,6,False,,33,Prime (25-34),1,Entertainment,1,0,0,0,0,Northeast,1,2
Mark Dacascos,Lacey Schwimmer,Actor/Actress,Hawaii,United States,45,9,6,169.4998,5.649993333333333,0.089292857142857,0,22,7,False,,45,Senior (45-54),2,Entertainment,1,0,0,0,0,West,1,6
Chuck Liddell,Anna Trebunskaya,Athlete,California,United States,39,9,11,75.0,2.5,-0.5666666666666664,4,22,4,False,,39,Mature (35-44),0,Sports,0,1,0,0,0,West,1,6
Natalie Coughlin,Alec Mazo,Athlete,California,United States,27,9,10,119.9998,3.999993333333333,-0.2333199999999999,4,22,5,False,,27,Prime (25-34),1,Sports,0,1,0,0,0,West,1,6
Louie Vito,Chelsie Hightower,Athlete,Ohio,United States,21,9,8,127.9998,4.26666,-0.0952285714285714,4,22,6,False,,21,Young (<25),4,Sports,0,1,0,0,0,Midwest,1,0
Michael Irvin,Anna Demidova,Athlete,Florida,United States,43,9,7,135.4998,4.51666,0.2916619047619047,4,22,7,False,,43,Mature (35-44),0,Sports,0,1,0,0,0,Southeast,1,4
Joanna Krupa,Derek Hough,Model,Unknown,Poland,30,9,4,243.4998,8.11666,0.0500016666666666,3,16,9,False,,30,Prime (25-34),1,Reality/Model,0,0,1,0,0,Non-US,0,1
Kathy Ireland,Tony Dovolani,Model,California,United States,46,9,14,37.9999,1.2666633333333333,-0.6666333333333334,3,22,2,False,,46,Senior (45-54),2,Reality/Model,0,0,1,0,0,West,1,6
Tom DeLay,Cheryl Burke,Politician,Texas,United States,62,9,13,52.9999,1.7666633333333333,-0.8333166666666666,2,22,3,False,,62,Veteran (55+),3,Other,0,0,0,0,1,Southwest,1,5
Macy Gray,Jonathan Roberts,Singer/Rapper,Ohio,United States,42,9,15,18.9999,0.6333300000000001,0.0,0,22,1,False,,42,Mature (35-44),0,Entertainment,1,0,0,0,0,Midwest,1,0
Aaron Carter,Karina Smirnoff,Singer/Rapper,Florida,United States,21,9,5,206.4997,6.883323333333334,-0.0376980158730156,0,22,8,False,,21,Young (<25),4,Entertainment,1,0,0,0,0,Southeast,1,4
Mya,Dmitry Chaplin,Singer/Rapper,Washington D.C.,United States,29,9,2,284.333,9.477766666666668,-0.0040424242424242,0,22,10,False,2.0,29,Prime (25-34),1,Entertainment,1,0,0,0,0,Other-US,1,3
Donny Osmond,Kym Johnson,Singer/Rapper,Utah,United States,51,9,1,264.6662,8.822206666666668,0.0336670707070708,0,22,10,True,1.0,51,Senior (45-54),2,Entertainment,1,0,0,0,0,West,1,6
Kelly Osbourne,Louis van Amstel,TV Personality,Unknown,England,24,9,3,244.7216,8.157386666666666,0.0696969696969697,3,8,10,False,3.0,24,Young (<25),4,Reality/Model,0,0,1,0,0,Non-US,0,1
Aiden Turner,Edyta Sliwinska,Actor/Actress,Unknown,England,32,10,9,70.5,2.35,0.1833333333333334,0,8,4,False,,32,Prime (25-34),1,Entertainment,1,0,0,0,0,Non-US,0,1
Shannen Doherty,Mark Ballas,Actor/Actress,Tennessee,United States,38,10,11,38.0,1.2666666666666668,0.666666666666667,0,22,2,False,,38,Mature (35-44),0,Entertainment,1,0,0,0,0,Southeast,1,4
Niecy Nash,Louis van Amstel,Actor/Actress,California,United States,40,10,5,167.9998,5.599993333333333,0.2261880952380952,0,22,8,False,,40,Mature (35-44),0,Entertainment,1,0,0,0,0,West,1,6
Buzz Aldrin,Ashly DelGrosso,Astronaut,New Jersey,United States,80,10,10,39.0,1.3,-0.1666666666666669,2,22,3,False,,80,Veteran (55+),3,Other,0,0,0,0,1,Northeast,1,2
Chad Ochocinco,Cheryl Burke,Athlete,Florida,United States,32,10,4,199.4999,6.649996666666667,0.4027772222222222,4,22,9,False,,32,Prime (25-34),1,Sports,0,1,0,0,0,Southeast,1,4
Evan Lysacek,Anna Trebunskaya,Athlete,Illinois,United States,24,10,2,262.8887,8.762956666666668,0.1595925252525252,4,22,10,False,2.0,24,Young (<25),4,Sports,0,1,0,0,0,Midwest,1,0
Pamela Anderson,Damian Whitewood,Model,Unknown,Canada,42,10,6,163.9998,5.466659999999999,0.3511857142857142,3,3,7,False,,42,Mature (35-44),0,Reality/Model,0,0,1,0,0,Non-US,0,1
Nicole Scherzinger,Derek Hough,Singer/Rapper,Hawaii,United States,31,10,1,280.7776,9.359253333333331,0.1818165656565656,0,22,10,True,1.0,31,Prime (25-34),1,Entertainment,1,0,0,0,0,West,1,6
Erin Andrews,Maksim Chmerkoskiy,Sports Broadcaster,Maine,United States,32,10,3,249.4998,8.31666,0.2757539393939394,4,22,10,False,3.0,32,Prime (25-34),1,Sports,0,1,0,0,0,Northeast,1,2
Kate Gosselin,Tony Dovolani,TV Personality,Pennsylvania,United States,35,10,8,77.0,2.5666666666666664,-0.0333333333333333,3,22,5,False,,35,Mature (35-44),0,Reality/Model,0,0,1,0,0,Northeast,1,2
Jake Pavelka,Chelsie Hightower,TV Personality,Texas,United States,32,10,7,127.9999,4.266663333333333,0.3047571428571427,3,22,6,False,,32,Prime (25-34),1,Reality/Model,0,0,1,0,0,Southwest,1,5
David Hasselhoff,Kym Johnson,Actor/Actress,Maryland,United States,58,11,12,15.0,0.5,0.0,0,22,1,False,,58,Veteran (55+),3,Entertainment,1,0,0,0,0,Southeast,1,4
Florence Henderson,Corky Ballas,Actor/Actress,Indiana,United States,76,11,8,95.5,3.183333333333333,0.15,0,22,5,False,,76,Veteran (55+),3,Entertainment,1,0,0,0,0,Midwest,1,0
Kyle Massey,Lacey Schwimmer,Actor/Actress,Georgia,United States,19,11,2,255.8331,8.248603333333332,0.2795428282828282,0,22,10,False,2.0,19,Young (<25),4,Entertainment,1,0,0,0,0,Southeast,1,4
Jennifer Grey,Derek Hough,Actor/Actress,New York,United States,50,11,1,279.0,8.995833333333334,0.2436868686868687,0,22,10,True,1.0,50,Senior (45-54),2,Entertainment,1,0,0,0,0,Northeast,1,2
Rick Fox,Cheryl Burke,Athlete,Unknown,Canada,41,11,6,175.0,5.5458333333333325,0.3526785714285714,4,3,7,False,,41,Mature (35-44),0,Sports,0,1,0,0,0,Non-US,0,1
Kurt Warner,Anna Trebunskaya,Athlete,Iowa,United States,39,11,5,184.9999,5.874996666666666,0.2589273809523809,4,22,8,False,,39,Mature (35-44),0,Sports,0,1,0,0,0,Midwest,1,0
Margaret Cho,Louis van Amstel,Comedian,California,United States,41,11,10,51.0,1.7,0.5,2,22,3,False,,41,Mature (35-44),0,Other,0,0,0,0,1,West,1,6
Michael Bolton,Chelsie Hightower,Singer/Rapper,Connecticut,United States,57,11,11,28.0,0.9333333333333332,-1.333333333333333,0,22,2,False,,57,Veteran (55+),3,Entertainment,1,0,0,0,0,Northeast,1,2
Brandy,Maksim Chmerkoskiy,Singer/Rapper,Mississippi,United States,31,11,4,248.4999,7.979163333333334,0.3513883333333333,0,22,9,False,,31,Prime (25-34),1,Entertainment,1,0,0,0,0,Southeast,1,4
The Situation,Karina Smirnoff,TV Personality,New York,United States,28,11,9,67.0,2.2333333333333334,-0.0333333333333332,3,22,4,False,,28,Prime (25-34),1,Reality/Model,0,0,1,0,0,Northeast,1,2
Audrina Patridge,Tony Dovolani,TV Personality,California,United States,25,11,7,145.9998,4.86666,0.5904666666666669,3,22,6,False,,25,Prime (25-34),1,Reality/Model,0,0,1,0,0,West,1,6
Bristol Palin,Mark Ballas,TV Personality,Alaska,United States,19,11,3,229.1664,7.368046666666666,0.3194428282828285,3,22,10,False,3.0,19,Young (<25),4,Reality/Model,0,0,1,0,0,West,1,6
Ralph Macchio,Karina Smirnoff,Actor/Actress,New York,United States,49,12,4,217.0,6.958333333333334,0.0694444444444444,0,22,9,False,,49,Senior (45-54),2,Entertainment,1,0,0,0,0,Northeast,1,2
Chelsea Kane,Mark Ballas,Actor/Actress,Arizona,United States,22,12,3,267.6666,8.655553333333334,0.4565644444444445,0,22,10,False,3.0,22,Young (<25),4,Entertainment,1,0,0,0,0,Southwest,1,5
Kirstie Alley,Maksim Chmerkoskiy,Actor/Actress,Kansas,United States,60,12,2,246.4999,7.966663333333334,0.2545436363636363,0,22,10,False,2.0,60,Veteran (55+),3,Entertainment,1,0,0,0,0,Midwest,1,0
Hines Ward,Kym Johnson,Athlete,Unknown,South Korea,35,12,1,267.6666,8.64722,0.2752513131313131,4,19,10,True,1.0,35,Mature (35-44),0,Sports,0,1,0,0,0,Non-US,0,1
Sugar Ray Leonard,Anna Trebunskaya,Athlete,North Carolina,United States,54,12,9,75.0,2.5,0.4999999999999999,4,22,4,False,,54,Senior (45-54),2,Sports,0,1,0,0,0,Southeast,1,4
Chris Jericho,Cheryl Burke,Athlete,New York,United States,40,12,7,134.0,4.466666666666667,0.2476190476190475,4,22,6,False,,40,Mature (35-44),0,Sports,0,1,0,0,0,Northeast,1,2
Petra Nemcova,Dmitry Chaplin,Model,Unknown,Czechoslovakia,31,12,8,106.0,3.5333333333333337,0.4333333333333333,3,7,5,False,,31,Prime (25-34),1,Reality/Model,0,0,1,0,0,Non-US,0,1
Mike Catherwood,Lacey Schwimmer,Radio Personality,California,United States,32,12,11,30.0,1.0,1.333333333333334,2,22,2,False,,32,Prime (25-34),1,Other,0,0,0,0,1,West,1,6
Romeo,Chelsie Hightower,Singer/Rapper,Louisiana,United States,21,12,5,195.0,6.25,0.2916666666666666,0,22,8,False,,21,Young (<25),4,Entertainment,1,0,0,0,0,Southeast,1,4
Wendy Williams,Tony Dovolani,TV Personality,New Jersey,United States,46,12,10,46.0,1.5333333333333334,0.1666666666666665,3,22,3,False,,46,Senior (45-54),2,Reality/Model,0,0,1,0,0,Northeast,1,2
Kendra Wilkinson,Louis van Amstel,TV Personality,California,United States,25,12,6,155.5,4.929166666666667,0.3050595238095238,3,22,7,False,,25,Prime (25-34),1,Reality/Model,0,0,1,0,0,West,1,6
Elisabetta Canalis,Valentin Chmerkovskiy,Actor/Actress,Unknown,Italy,33,13,11,36.0,1.2,2.0,0,12,2,False,,33,Prime (25-34),1,Entertainment,1,0,0,0,0,Non-US,0,1
David Arquette,Kym Johnson,Actor/Actress,Virginia,United States,40,13,6,154.5,5.15,0.3273809523809524,0,22,7,False,,40,Mature (35-44),0,Entertainment,1,0,0,0,0,Southeast,1,4
Ricki Lake,Derek Hough,Actor/Actress,New York,United States,42,13,3,265.9998,8.86666,0.2787846464646463,0,22,10,False,3.0,42,Mature (35-44),0,Entertainment,1,0,0,0,0,Northeast,1,2
J.R. Martinez,Karina Smirnoff,Actor/Actress,Louisiana,United States,28,13,1,263.1665,8.772216666666667,0.227269696969697,0,22,10,True,1.0,28,Prime (25-34),1,Entertainment,1,0,0,0,0,Southeast,1,4
Metta World Peace (Ron),Peta Murgatroyd,Athlete,New York,United States,31,13,12,14.0,0.4666666666666667,0.0,4,22,1,False,,31,Prime (25-34),1,Sports,0,1,0,0,0,Northeast,1,2
Hope Solo,Maksim Chmerkoskiy,Athlete,Washington,United States,30,13,4,207.4998,6.91666,0.1833288888888889,4,22,9,False,,30,Prime (25-34),1,Sports,0,1,0,0,0,West,1,6
Chynna Phillips,Tony Dovolani,Singer/Rapper,California,United States,43,13,9,90.0,3.0,0.0666666666666667,0,22,4,False,,43,Mature (35-44),0,Entertainment,1,0,0,0,0,West,1,6
Kristin Cavallari,Mark Ballas,TV Personality,Colorado,United States,24,13,10,65.0,2.1666666666666665,0.8333333333333334,3,22,3,False,,24,Young (<25),4,Reality/Model,0,0,1,0,0,West,1,6
Carson Kressley,Anna Trebunskaya,TV Personality,Pennsylvania,United States,41,13,8,97.0,3.2333333333333334,0.1999999999999999,3,22,5,False,,41,Mature (35-44),0,Reality/Model,0,0,1,0,0,Northeast,1,2
Chaz Bono,Lacey Schwimmer,TV Personality,California,United States,42,13,7,113.0,3.766666666666667,0.2380952380952379,3,22,6,False,,42,Mature (35-44),0,Reality/Model,0,0,1,0,0,West,1,6
Nancy Grace,Tristan MacManus,TV Personality,Georgia,United States,51,13,5,169.0,5.633333333333333,0.2261904761904761,3,22,8,False,,51,Senior (45-54),2,Reality/Model,0,0,1,0,0,Southeast,1,4
Rob Kardashian,Cheryl Burke,TV Personality,California,United States,24,13,2,243.833,8.127766666666668,0.4050452525252525,3,22,10,False,2.0,24,Young (<25),4,Reality/Model,0,0,1,0,0,West,1,6
William Levy,Cheryl Burke,Actor/Actress,Unknown,Cuba,31,14,3,277.6666,9.255553333333337,0.2060593939393939,0,6,10,False,3.0,31,Prime (25-34),1,Entertainment,1,0,0,0,0,Non-US,0,1
Jack Wagner,Anna Trebunskaya,Actor/Actress,Missouri,United States,52,14,11,68.0,2.2666666666666666,0.1666666666666665,0,22,3,False,,52,Senior (45-54),2,Entertainment,1,0,0,0,0,Midwest,1,0
Sherri Sheperd,Valentin Chmerkovskiy,Actor/Actress,Illinois,United States,44,14,10,91.0,3.0333333333333337,-0.1666666666666668,0,22,4,False,,44,Mature (35-44),0,Entertainment,1,0,0,0,0,Midwest,1,0
Jaleel White,Kym Johnson,Actor/Actress,California,United States,35,14,7,181.4998,6.049993333333333,0.3273761904761905,0,22,7,False,,35,Mature (35-44),0,Entertainment,1,0,0,0,0,West,1,6
Roshon Fegan,Chelsie Hightower,Actor/Actress,California,United States,20,14,6,207.9998,6.933326666666666,0.1746007936507936,0,22,8,False,,20,Young (<25),4,Entertainment,1,0,0,0,0,West,1,6
Melissa Gilbert,Maksim Chmerkoskiy,Actor/Actress,California,United States,47,14,5,186.0,6.199999999999999,0.2896825396825396,0,22,8,False,,47,Senior (45-54),2,Entertainment,1,0,0,0,0,West,1,6
Martina Navratilova,Tony Dovolani,Athlete,Unknown,Czechoslovakia,55,14,12,37.0,1.2333333333333334,-1.0,4,7,2,False,,55,Veteran (55+),3,Sports,0,1,0,0,0,Non-US,0,1
Donald Driver,Peta Murgatroyd,Athlete,Texas,United States,37,14,1,271.1665,9.038883333333334,0.2474733333333333,4,22,10,True,1.0,37,Mature (35-44),0,Sports,0,1,0,0,0,Southwest,1,5
Gavin DeGraw,Karina Smirnoff,Singer/Rapper,New York,United States,35,14,9,107.0,3.5666666666666678,-8.881784197001253e-17,0,22,5,False,,35,Mature (35-44),0,Entertainment,1,0,0,0,0,Northeast,1,2
Gladys Knight,Tristan MacManus,Singer/Rapper,Georgia,United States,67,14,8,132.0,4.4,0.0952380952380952,0,22,6,False,,67,Veteran (55+),3,Entertainment,1,0,0,0,0,Southeast,1,4
Katherine Jenkins,Mark Ballas,Singer/Rapper,Unknown,Wales,31,14,2,285.4999,9.516663333333332,0.1242422222222223,0,24,10,False,2.0,31,Prime (25-34),1,Entertainment,1,0,0,0,0,Non-US,0,1
Maria Menounos,Derek Hough,TV Personality,Massachusetts,United States,33,14,4,240.4999,8.016663333333334,0.2527772222222222,3,22,9,False,,33,Prime (25-34),1,Reality/Model,0,0,1,0,0,Northeast,1,2
Gilles Marini,Peta Murgatroyd,Actor/Actress,Unknown,France,36,15,6,233.0275,7.438416666666666,0.3236821428571428,0,9,8,False,,36,Mature (35-44),0,Entertainment,1,0,0,0,0,Non-US,0,1
Sabrina Bryan,Louis van Amstel,Actor/Actress,California,United States,28,15,8,168.75,5.329166666666667,0.4607142857142857,0,22,6,False,,28,Prime (25-34),1,Entertainment,1,0,0,0,0,West,1,6
Kirstie Alley,Maksim Chmerkoskiy,Actor/Actress,Kansas,United States,61,15,7,201.2499,6.458329999999999,0.3759900793650793,0,22,8,False,,61,Veteran (55+),3,Entertainment,1,0,0,0,0,Midwest,1,0
Kelly Monaco,Valentin Chmerkovskiy,Actor/Actress,Pennsylvania,United States,36,15,3,281.3052,9.06434,0.2743769696969697,0,22,10,False,3.0,36,Mature (35-44),0,Entertainment,1,0,0,0,0,Northeast,1,2
Apolo Anton Ohno,Karina Smirnoff,Athlete,Washington,United States,30,15,5,255.6387,8.23379,0.3327894444444445,4,22,9,False,,30,Prime (25-34),1,Sports,0,1,0,0,0,West,1,6
Emmitt Smith,Cheryl Burke,Athlete,Florida,United States,43,15,4,253.0553,8.135176666666666,0.2675888888888888,4,22,9,False,,43,Mature (35-44),0,Sports,0,1,0,0,0,Southeast,1,4
Shawn Johnson,Derek Hough,Athlete,Iowa,United States,20,15,2,293.5274,9.45508,0.2536153535353537,4,22,10,False,2.0,20,Young (<25),4,Sports,0,1,0,0,0,Midwest,1,0
Pamela Anderson,Tristan MacManus,Model,Unknown,Canada,45,15,13,17.0,0.5666666666666667,0.0,3,3,1,False,,45,Senior (45-54),2,Reality/Model,0,0,1,0,0,Non-US,0,1
Helio Castroneves,Chelsie Hightower,Racing Driver,Unknown,Brazil,37,15,10,70.0,2.333333333333333,0.6666666666666665,2,2,3,False,,37,Mature (35-44),0,Other,0,0,0,0,1,Non-US,0,1
Joey Fatone,Kym Johnson,Singer/Rapper,New York,United States,35,15,12,43.0,1.4333333333333331,0.666666666666667,0,22,2,False,,35,Mature (35-44),0,Entertainment,1,0,0,0,0,Northeast,1,2
Drew Lachey,Anna Trebunskaya,Singer/Rapper,Ohio,United States,36,15,11,68.0,2.2666666666666666,0.4166666666666665,0,22,3,False,,36,Mature (35-44),0,Entertainment,1,0,0,0,0,Midwest,1,0
Bristol Palin,Mark Ballas,TV Personality,Alaska,United States,21,15,9,92.0,2.8,0.6,3,22,4,False,,21,Young (<25),4,Reality/Model,0,0,1,0,0,West,1,6
Melissa Rycroft,Tony Dovolani,TV Personality,Texas,United States,29,15,1,293.3607,9.470356666666666,0.3271545454545455,3,22,10,True,1.0,29,Prime (25-34),1,Reality/Model,0,0,1,0,0,Southwest,1,5
Ingo Rademacher,Kym Johnson,Actor/Actress,Unknown,Germany,41,16,5,202.5,6.75,0.2333333333333333,0,10,9,False,,41,Mature (35-44),0,Entertainment,1,0,0,0,0,Non-US,0,1
Zendaya,Valentin Chmerkovskiy,Actor/Actress,California,United States,16,16,2,272.9998,9.099993333333334,0.1777797979797979,0,22,10,False,2.0,16,Young (<25),4,Entertainment,1,0,0,0,0,West,1,6
Dorothy Hamill,Tristan MacManus,Athlete,Illinois,United States,56,16,12,36.0,1.2,-2.0,4,22,2,False,,56,Veteran (55+),3,Sports,0,1,0,0,0,Midwest,1,0
Victor Ortiz,Lindsay Arnold,Athlete,Kansas,United States,26,16,8,118.0,3.9333333333333336,0.1333333333333333,4,22,6,False,,26,Prime (25-34),1,Sports,0,1,0,0,0,Midwest,1,0
Alexandra Raisman,Mark Ballas,Athlete,Massachusetts,United States,18,16,4,264.5,8.816666666666666,0.3060606060606061,4,22,10,False,,18,Young (<25),4,Sports,0,1,0,0,0,Northeast,1,2
Jacoby Jones,Karina Smirnoff,Athlete,Louisiana,United States,28,16,3,251.9997,8.399989999999999,0.2484850505050504,4,22,10,False,3.0,28,Prime (25-34),1,Sports,0,1,0,0,0,Southeast,1,4
D. L. Hughley,Cheryl Burke,Comedian,Virginia,United States,50,16,9,83.0,2.7666666666666666,0.5666666666666668,2,22,5,False,,50,Senior (45-54),2,Other,0,0,0,0,1,Southeast,1,4
Andy Dick,Sharna Burgess,Comedian,South Carolina,United States,47,16,7,132.5,4.416666666666667,0.0357142857142857,2,22,7,False,,47,Senior (45-54),2,Other,0,0,0,0,1,Southeast,1,4
Wynonna Judd,Tony Dovolani,Singer/Rapper,Kentucky,United States,48,16,11,51.0,1.7,-0.5,0,22,3,False,,48,Senior (45-54),2,Entertainment,1,0,0,0,0,Southeast,1,4
Kellie Pickler,Derek Hough,Singer/Rapper,North Carolina,United States,26,16,1,267.5,8.916666666666668,0.2494949494949494,0,22,10,True,1.0,26,Prime (25-34),1,Entertainment,1,0,0,0,0,Southeast,1,4
Lisa Vanderpump,Gleb Savchenko,TV Personality,Unknown,England,52,16,10,75.0,2.5,0.1,3,8,4,False,,52,Senior (45-54),2,Reality/Model,0,0,1,0,0,Non-US,0,1
Sean Lowe,Peta Murgatroyd,TV Personality,Texas,United States,29,16,6,172.0,5.733333333333333,0.1746031746031746,3,22,8,False,,29,Prime (25-34),1,Reality/Model,0,0,1,0,0,Southwest,1,5
Valerie Harper,Tristan MacManus,Actor/Actress,New York,United States,74,17,10,74.0,2.242424242424242,-0.4,0,22,4,False,,74,Veteran (55+),3,Entertainment,1,0,0,0,0,Northeast,1,2
Brant Daugherty,Peta Murgatroyd,Actor/Actress,Ohio,United States,28,17,7,206.5,6.257575757575759,0.3194444444444445,0,22,8,False,,28,Prime (25-34),1,Entertainment,1,0,0,0,0,Midwest,1,0
Elizabeth Berkley Lauren,Valentin Chmerkovskiy,Actor/Actress,Michigan,United States,39,17,6,238.9998,7.242418181818182,0.1388877777777778,0,22,9,False,,39,Mature (35-44),0,Entertainment,1,0,0,0,0,Midwest,1,0
Leah Remini,Tony Dovolani,Actor/Actress,New York,United States,43,17,5,256.9999,7.541663636363637,0.1714644444444444,0,22,10,False,,43,Mature (35-44),0,Entertainment,1,0,0,0,0,Northeast,1,2
Corbin Bleu,Karina Smirnoff,Actor/Actress,New York,United States,24,17,2,313.66630000000004,9.220948484848485,0.1616121212121212,0,22,11,False,2.0,24,Young (<25),4,Entertainment,1,0,0,0,0,Northeast,1,2
Amber Riley,Derek Hough,Actor/Actress,California,United States,27,17,1,313.8331,9.210851515151516,0.1641393939393939,0,22,11,True,1.0,27,Prime (25-34),1,Entertainment,1,0,0,0,0,West,1,6
Keyshawn Johnson,Sharna Burgess,Athlete,California,United States,41,17,12,35.0,1.0606060606060608,0.333333333333333,4,22,2,False,,41,Mature (35-44),0,Sports,0,1,0,0,0,West,1,6
Bill Engvall,Emma Slater,Comedian,Texas,United States,56,17,4,257.4998,7.575751515151516,0.1257560606060605,2,22,11,False,,56,Veteran (55+),3,Other,0,0,0,0,1,Southwest,1,5
Christina Milian,Mark Ballas,Singer/Rapper,New Jersey,United States,31,17,9,125.0,3.787878787878788,0.3666666666666668,0,22,5,False,,31,Prime (25-34),1,Entertainment,1,0,0,0,0,Northeast,1,2
"Nicole ""Snooki"" Polizzi",Sasha Farber,TV Personality,Unknown,Chile,25,17,8,176.0,5.333333333333334,0.4047619047619046,3,4,7,False,,25,Prime (25-34),1,Reality/Model,0,0,1,0,0,Non-US,0,1
Jack Osbourne,Cheryl Burke,TV Personality,Unknown,England,27,17,3,295.9997,8.700748484848484,0.1939378787878787,3,8,11,False,3.0,27,Prime (25-34),1,Reality/Model,0,0,1,0,0,Non-US,0,1
Bill Nye,Tyne Stecklein,TV Personality,Washington D.C.,United States,57,17,11,47.0,1.4242424242424243,0.333333333333333,3,22,3,False,,57,Veteran (55+),3,Reality/Model,0,0,1,0,0,Other-US,1,3
Billy Dee Williams,Emma Slater,Actor/Actress,New York,United States,76,18,10,30.0,1.0,0.0,0,22,2,False,,76,Veteran (55+),3,Entertainment,1,0,0,0,0,Northeast,1,2
Danica McKellar,Valentin Chmerkovskiy,Actor/Actress,California,United States,39,18,6,265.0,7.025,0.2053571428571428,0,22,8,False,,39,Mature (35-44),0,Entertainment,1,0,0,0,0,West,1,6
James Maslow,Peta Murgatroyd,Actor/Actress,New York,United States,23,18,4,330.0,8.875000000000002,0.1873737373737373,0,22,10,False,,23,Young (<25),4,Entertainment,1,0,0,0,0,Northeast,1,2
Candace Cameron Bure,Mark Ballas,Actor/Actress,California,United States,37,18,3,307.9998,8.299993333333335,0.1696933333333333,0,22,10,False,3.0,37,Mature (35-44),0,Entertainment,1,0,0,0,0,West,1,6
Sean Avery,Karina Smirnoff,Athlete,Unknown,Canada,33,18,11,41.0,1.3666666666666667,0.333333333333333,4,3,2,False,,33,Prime (25-34),1,Sports,0,1,0,0,0,Non-US,0,1
Diana Nyad,Henry Byalikov,Athlete,New York,United States,64,18,12,18.0,0.6,0.0,4,22,1,False,,64,Veteran (55+),3,Sports,0,1,0,0,0,Northeast,1,2
Charlie White,Sharna Burgess,Athlete,Michigan,United States,26,18,5,307.5,8.120833333333334,0.1249999999999999,4,22,9,False,,26,Prime (25-34),1,Sports,0,1,0,0,0,Midwest,1,0
Amy Purdy,Derek Hough,Athlete,Nevada,United States,34,18,2,339.1666,9.126386666666669,0.2249987878787879,4,22,10,False,2.0,34,Prime (25-34),1,Sports,0,1,0,0,0,West,1,6
Meryl Davis,Maksim Chmerkoskiy,Athlete,Michigan,United States,27,18,1,348.0,9.358333333333334,0.1631313131313131,4,22,10,True,1.0,27,Prime (25-34),1,Sports,0,1,0,0,0,Midwest,1,0
Drew Carey,Cheryl Burke,Comedian,Ohio,United States,55,18,8,165.0,4.475,0.1642857142857142,2,22,6,False,,55,Veteran (55+),3,Other,0,0,0,0,1,Midwest,1,0
Cody Simpson,Witney Carson,Singer/Rapper,Unknown,Australia,17,18,9,144.0,3.9666666666666655,0.2750000000000001,0,1,5,False,,17,Young (<25),4,Entertainment,1,0,0,0,0,Non-US,0,1
NeNe Leakes,Tony Dovolani,TV Personality,New York,United States,46,18,7,207.0,5.525,0.2678571428571428,3,22,7,False,,46,Senior (45-54),2,Reality/Model,0,0,1,0,0,Northeast,1,2
Antonio Sabato Jr.,Cheryl Burke,Actor/Actress,Unknown,Italy,42,19,8,199.5,4.534090909090909,0.0580357142857142,0,12,7,False,,42,Mature (35-44),0,Entertainment,1,0,0,0,0,Non-US,0,1
Jonathan Bennett,Allison Holker,Actor/Actress,Ohio,United States,33,19,9,172.0,3.909090909090909,-0.1142857142857142,0,22,6,False,,33,Prime (25-34),1,Entertainment,1,0,0,0,0,Midwest,1,0
Lea Thompson,Artem Chigvintsev,Actor/Actress,Minnesota,United States,53,19,6,305.0,6.931818181818182,0.0166666666666666,0,22,9,False,,53,Senior (45-54),2,Entertainment,1,0,0,0,0,Midwest,1,0
Janel Parrish,Valentin Chmerkovskiy,Actor/Actress,Hawaii,United States,25,19,3,397.9998,9.04545,0.1818159090909092,0,22,11,False,3.0,25,Prime (25-34),1,Entertainment,1,0,0,0,0,West,1,6
Alfonso Ribeiro,Witney Carson,Actor/Actress,New York,United States,42,19,1,404.0,9.181818181818182,0.1443181818181818,0,22,11,True,1.0,42,Mature (35-44),0,Entertainment,1,0,0,0,0,Northeast,1,2
Lolo Jones,Keo Motsepe,Athlete,Iowa,United States,32,19,13,22.0,0.5,0.0,4,22,1,False,,32,Prime (25-34),1,Sports,0,1,0,0,0,Midwest,1,0
Randy Couture,Karina Smirnoff,Athlete,Washington,United States,51,19,11,85.0,1.9318181818181817,-0.625,4,22,3,False,,51,Senior (45-54),2,Sports,0,1,0,0,0,West,1,6
Tommy Chong,Peta Murgatroyd,Comedian,Unknown,Canada,76,19,5,286.5,6.511363636363637,0.0386363636363636,2,3,10,False,,76,Veteran (55+),3,Other,0,0,0,0,1,Non-US,0,1
Betsey Johnson,Tony Dovolani,Fashion Designer,Connecticut,United States,72,19,10,106.0,2.409090909090909,0.7,2,22,4,False,,72,Veteran (55+),3,Other,0,0,0,0,1,Northeast,1,2
Michael Waltrip,Emma Slater,Racing Driver,Kentucky,United States,51,19,7,205.0,4.659090909090909,0.0625,2,22,8,False,,51,Senior (45-54),2,Other,0,0,0,0,1,Southeast,1,4
Tavis Smiley,Sharna Burgess,Radio Personality,Mississippi,United States,50,19,12,57.0,1.2954545454545454,-0.25,2,22,2,False,,50,Senior (45-54),2,Other,0,0,0,0,1,Southeast,1,4
Bethany Mota,Derek Hough,Social Media Personality,California,United States,18,19,4,396.5,9.011363636363637,0.1375,2,22,11,False,,18,Young (<25),4,Other,0,0,0,0,1,West,1,6
Sadie Robertson,Mark Ballas,TV Personality,Louisiana,United States,17,19,2,386.8332,8.791663636363637,0.1390136363636364,3,22,11,False,2.0,17,Young (<25),4,Reality/Model,0,0,1,0,0,Southeast,1,4
Suzanne Somers,Tony Dovolani,Actor/Actress,California,United States,68,20,9,134.0,3.35,0.15,0,22,5,False,,68,Veteran (55+),3,Entertainment,1,0,0,0,0,West,1,6
Willow Shields,Mark Ballas,Actor/Actress,New Mexico,United States,14,20,7,237.5,5.9375,0.4732142857142857,0,22,7,False,,14,Young (<25),4,Entertainment,1,0,0,0,0,Southwest,1,5
Riker Lynch,Allison Holker,Actor/Actress,Colorado,United States,23,20,2,363.0,9.075,0.2590909090909091,0,22,10,False,2.0,23,Young (<25),4,Entertainment,1,0,0,0,0,West,1,6
Rumer Willis,Valentin Chmerkovskiy,Actor/Actress,Kentucky,United States,26,20,1,362.5,9.0625,0.2401515151515151,0,22,10,True,1.0,26,Prime (25-34),1,Entertainment,1,0,0,0,0,Southeast,1,4
Nastia Liukin,Derek Hough,Athlete,Unknown,Russia,25,20,4,327.5,8.1875,0.2770833333333333,4,17,9,False,,25,Prime (25-34),1,Sports,0,1,0,0,0,Non-US,0,1
Michael Sam,Peta Murgatroyd,Athlete,Texas,United States,25,20,10,108.0,2.7,0.2,4,22,4,False,,25,Prime (25-34),1,Sports,0,1,0,0,0,Southwest,1,5
Robert Herjavec,Kym Johnson,Entrepreneur,Unknown,Croatia,52,20,6,238.5,5.9625,0.1175595238095238,2,5,8,False,,52,Senior (45-54),2,Other,0,0,0,0,1,Non-US,0,1
Charlotte McKinney,Keo Motsepe,Model,Florida,United States,21,20,11,70.0,1.75,0.0,3,22,3,False,,21,Young (<25),4,Reality/Model,0,0,1,0,0,Southeast,1,4
Noah Galloway,Sharna Burgess,Motivational Speaker,Alabama,United States,33,20,3,320.5,8.0125,0.3007575757575758,2,22,10,False,3.0,33,Prime (25-34),1,Other,0,0,0,0,1,Southeast,1,4
Redfoo,Emma Slater,Singer/Rapper,California,United States,39,20,12,53.0,1.325,2.25,0,22,2,False,,39,Mature (35-44),0,Entertainment,1,0,0,0,0,West,1,6
Patti LaBelle,Artem Chigvintsev,Singer/Rapper,Pennsylvania,United States,70,20,8,166.0,4.15,0.3571428571428571,0,22,6,False,,70,Veteran (55+),3,Entertainment,1,0,0,0,0,Northeast,1,2
Chris Soules,Witney Carson,TV Personality,Iowa,United States,33,20,5,227.0,5.675,0.3363095238095238,3,22,8,False,,33,Prime (25-34),1,Reality/Model,0,0,1,0,0,Midwest,1,0
Gary Busey,Anna Trebunskaya,Actor/Actress,Texas,United States,71,21,10,72.5,2.0075757575757573,0.1749999999999999,0,22,4,False,,71,Veteran (55+),3,Entertainment,1,0,0,0,0,Southwest,1,5
Alexa PenaVega,Mark Ballas,Actor/Actress,Florida,United States,27,21,6,256.4998,6.969690909090909,0.2583299999999999,0,22,9,False,,27,Prime (25-34),1,Entertainment,1,0,0,0,0,Southeast,1,4
Carlos PenaVega,Witney Carson,Actor/Actress,Missouri,United States,26,21,4,323.9998,8.999993939393939,0.2696957575757576,0,22,11,False,,26,Prime (25-34),1,Entertainment,1,0,0,0,0,Midwest,1,0
Victor Espinoza,Karina Smirnoff,Athlete,Unknown,Mexico,43,21,12,33.5,1.0151515151515154,1.166666666666667,4,13,2,False,,43,Mature (35-44),0,Sports,0,1,0,0,0,Non-US,0,1
Alek Skarlatos,Lindsay Arnold,Military,California,United States,22,21,3,293.9999,8.212118181818182,0.1909075757575757,2,22,11,False,3.0,22,Young (<25),4,Other,0,0,0,0,1,West,1,6
Chaka Khan,Keo Motsepe,Singer/Rapper,Illinois,United States,62,21,13,28.0,0.8484848484848484,0.666666666666667,0,22,2,False,,62,Veteran (55+),3,Entertainment,1,0,0,0,0,Midwest,1,0
Andy Grammer,Allison Holker,Singer/Rapper,California,United States,31,21,7,222.9998,5.962115151515152,0.3164626984126985,0,22,8,False,,31,Prime (25-34),1,Entertainment,1,0,0,0,0,West,1,6
Tamar Braxton,Valentin Chmerkovskiy,Singer/Rapper,Maryland,United States,38,21,5,256.0,6.984848484848484,0.1333333333333333,0,22,9,False,,38,Mature (35-44),0,Entertainment,1,0,0,0,0,Southeast,1,4
Nick Carter,Sharna Burgess,Singer/Rapper,New York,United States,35,21,2,328.0,9.106060606060607,0.1886363636363636,0,22,11,False,2.0,35,Mature (35-44),0,Entertainment,1,0,0,0,0,Northeast,1,2
Hayes Grier,Emma Slater,Social Media Personality,North Carolina,United States,15,21,8,190.5,5.075757575757576,0.2857142857142857,2,22,7,False,,15,Young (<25),4,Other,0,0,0,0,1,Southeast,1,4
Bindi Irwin,Derek Hough,TV Personality,Unknown,Australia,17,21,1,333.5,9.280303030303031,0.2401515151515151,3,1,11,True,1.0,17,Young (<25),4,Reality/Model,0,0,1,0,0,Non-US,0,1
Kim Zolciak-Biermann,Tony Dovolani,TV Personality,Florida,United States,37,21,11,30.5,0.9242424242424244,2.166666666666667,3,22,2,False,,37,Mature (35-44),0,Reality/Model,0,0,1,0,0,Southeast,1,4
Paula Deen,Louis van Amstel,TV Personality,Georgia,United States,68,21,9,121.5,3.151515151515152,0.1999999999999999,3,22,6,False,,68,Veteran (55+),3,Reality/Model,0,0,1,0,0,Southeast,1,4
Mischa Barton,Artem Chigvintsev,Actor/Actress,Unknown,England,30,22,11,49.0,1.6333333333333333,0.3333333333333335,0,8,3,False,,30,Prime (25-34),1,Entertainment,1,0,0,0,0,Non-US,0,1
Kim Fields,Sasha Farber,Actor/Actress,New York,United States,46,22,8,171.0,5.2,0.3214285714285713,0,22,7,False,,46,Senior (45-54),2,Entertainment,1,0,0,0,0,Northeast,1,2
Jodie Sweetin,Keo Motsepe,Actor/Actress,California,United States,34,22,6,206.5,6.366666666666667,0.4146825396825397,0,22,8,False,,34,Prime (25-34),1,Entertainment,1,0,0,0,0,West,1,6
Doug Flutie,Karina Smirnoff,Athlete,Maryland,United States,53,22,9,128.0,3.8333333333333335,0.2952380952380952,4,22,6,False,,53,Senior (45-54),2,Sports,0,1,0,0,0,Southeast,1,4
Von Miller,Witney Carson,Athlete,Texas,United States,27,22,7,172.0,5.225,0.294642857142857,4,22,7,False,,27,Prime (25-34),1,Sports,0,1,0,0,0,Southwest,1,5
Antonio Brown,Sharna Burgess,Athlete,Florida,United States,27,22,5,228.5,7.1083333333333325,0.348611111111111,4,22,9,False,,27,Prime (25-34),1,Sports,0,1,0,0,0,Southeast,1,4
Paige VanZant,Mark Ballas,Athlete,Oregon,United States,22,22,2,277.6666,8.69722,0.2984836363636364,4,22,10,False,2.0,22,Young (<25),4,Sports,0,1,0,0,0,West,1,6
Geraldo Rivera,Edyta Sliwinska,Journalist,New York,United States,72,22,12,26.0,0.8666666666666666,0.0,1,22,2,False,,72,Veteran (55+),3,Media,0,0,0,1,0,Northeast,1,2
Nyle DiMarco,Peta Murgatroyd,Model,New York,United States,26,22,1,278.4998,8.69166,0.2792892929292928,3,22,10,True,1.0,26,Prime (25-34),1,Reality/Model,0,0,1,0,0,Northeast,1,2
Ginger Zee,Valentin Chmerkovskiy,News Anchor,California,United States,35,22,3,270.8332,8.461106666666666,0.2898965656565656,1,22,10,False,3.0,35,Mature (35-44),0,Media,0,0,0,1,0,West,1,6
Wanya Morris,Lindsay Arnold,Singer/Rapper,Pennsylvania,United States,42,22,4,247.5,7.708333333333334,0.2263888888888889,0,22,9,False,,42,Mature (35-44),0,Entertainment,1,0,0,0,0,Northeast,1,2
Marla Maples,Tony Dovolani,TV Personality,Georgia,United States,52,22,10,90.0,2.7666666666666666,0.0333333333333333,3,22,4,False,,52,Senior (45-54),2,Reality/Model,0,0,1,0,0,Southeast,1,4
Jake T. Austin,Jenna Johnson,Actor/Actress,New York,United States,21,23,13,46.0,1.0454545454545454,0.5,0,22,2,False,,21,Young (<25),4,Entertainment,1,0,0,0,0,Northeast,1,2
Maureen McCormick,Artem Chigvintsev,Actor/Actress,California,United States,60,23,8,188.0,4.636363636363637,0.4196428571428571,0,22,7,False,,60,Veteran (55+),3,Entertainment,1,0,0,0,0,West,1,6
Marilu Henner,Derek Hough,Actor/Actress,Illinois,United States,64,23,6,255.0,6.333333333333334,0.2541666666666667,0,22,9,False,,64,Veteran (55+),3,Entertainment,1,0,0,0,0,Midwest,1,0
Ryan Lochte,Cheryl Burke,Athlete,New York,United States,32,23,7,208.0,5.2727272727272725,0.4087301587301586,4,22,8,False,,32,Prime (25-34),1,Sports,0,1,0,0,0,Northeast,1,2
Calvin Johnson Jr.,Lindsay Arnold,Athlete,Georgia,United States,30,23,3,340.3331,8.530297727272727,0.3128761363636364,4,22,11,False,3.0,30,Prime (25-34),1,Sports,0,1,0,0,0,Southeast,1,4
Laurie Hernandez,Valentin Chmerkovskiy,Athlete,New Jersey,United States,16,23,1,362.8332,9.140148484848488,0.249619696969697,4,22,11,True,1.0,16,Young (<25),4,Sports,0,1,0,0,0,Northeast,1,2
Amber Rose,Maksim Chmerkoskiy,Model,Pennsylvania,United States,32,23,9,149.0,3.75,0.3642857142857143,3,22,6,False,,32,Prime (25-34),1,Reality/Model,0,0,1,0,0,Northeast,1,2
Rick Perry,Emma Slater,Politician,Texas,United States,66,23,12,65.0,1.4772727272727273,0.375,2,22,3,False,,66,Veteran (55+),3,Other,0,0,0,0,1,Southwest,1,5
James Hinchcliffe,Sharna Burgess,Racing Driver,Unknown,Canada,29,23,2,360.4996,9.113625757575758,0.2712086363636364,2,3,11,False,2.0,29,Prime (25-34),1,Other,0,0,0,0,1,Non-US,0,1
Babyface,Allison Holker,Singer/Rapper,Indiana,United States,57,23,11,99.0,2.386363636363636,-0.275,0,22,4,False,,57,Veteran (55+),3,Entertainment,1,0,0,0,0,Midwest,1,0
Vanilla Ice,Witney Carson,Singer/Rapper,Texas,United States,48,23,10,97.0,2.378787878787879,0.3500000000000001,0,22,4,False,,48,Senior (45-54),2,Entertainment,1,0,0,0,0,Southwest,1,5
Jana Kramer,Gleb Savchenko,Singer/Rapper,Michigan,United States,32,23,4,340.0,8.545454545454545,0.3219696969696969,0,22,11,False,,32,Prime (25-34),1,Entertainment,1,0,0,0,0,Midwest,1,0
Terra Jole,Sasha Farber,TV Personality,Texas,United States,36,23,5,294.5,7.496212121212122,0.2901515151515151,3,22,10,False,,36,Mature (35-44),0,Reality/Model,0,0,1,0,0,Southwest,1,5
Charo,Keo Motsepe,Actor/Actress,Unknown,Spain,66,24,11,70.0,1.75,0.375,0,20,3,False,,66,Veteran (55+),3,Entertainment,1,0,0,0,0,Non-US,0,1
Mr. T,Kym Herjavec,Actor/Actress,Illinois,United States,64,24,10,94.0,2.35,0.65,0,22,4,False,,64,Veteran (55+),3,Entertainment,1,0,0,0,0,Midwest,1,0
Heather Morris,Maksim Chmerkoskiy,Actor/Actress,California,United States,30,24,8,197.0,4.925,0.4214285714285714,0,22,6,False,,30,Prime (25-34),1,Entertainment,1,0,0,0,0,West,1,6
Nancy Kerrigan,Artem Chigvintsev,Athlete,Massachusetts,United States,47,24,7,227.5,5.6875,0.3392857142857142,4,22,7,False,,47,Senior (45-54),2,Sports,0,1,0,0,0,Northeast,1,2
Bonner Bolton,Sharna Burgess,Athlete,Texas,United States,29,24,5,227.5,5.6875,0.2514880952380952,4,22,8,False,,29,Prime (25-34),1,Sports,0,1,0,0,0,Southwest,1,5
Simone Biles,Sasha Farber,Athlete,Ohio,United States,20,24,4,316.5,7.9125,0.2729166666666667,4,22,9,False,,20,Young (<25),4,Sports,0,1,0,0,0,Midwest,1,0
David Ross,Lindsay Arnold,Athlete,Georgia,United States,40,24,2,312.8333,7.8208325,0.2174237878787879,4,22,10,False,2.0,40,Mature (35-44),0,Sports,0,1,0,0,0,Southeast,1,4
Rashad Jennings,Emma Slater,Athlete,Virginia,United States,32,24,1,351.6666,8.791665,0.2636354545454546,4,22,10,True,1.0,32,Prime (25-34),1,Sports,0,1,0,0,0,Southeast,1,4
Chris Kattan,Witney Carson,Comedian,California,United States,46,24,12,39.0,0.975,1.25,2,22,2,False,,46,Senior (45-54),2,Other,0,0,0,0,1,West,1,6
Erika Jayne,Gleb Savchenko,Singer/Rapper,Georgia,United States,45,24,9,140.0,3.5,0.45,0,22,5,False,,45,Senior (45-54),2,Entertainment,1,0,0,0,0,Southeast,1,4
Normani,Valentin Chmerkovskiy,Singer/Rapper,Georgia,United States,20,24,3,358.83320000000003,8.970830000000001,0.3143921212121213,0,22,10,False,3.0,20,Young (<25),4,Entertainment,1,0,0,0,0,Southeast,1,4
Nick Viall,Peta Murgatroyd,TV Personality,Wisconsin,United States,36,24,6,203.5,5.0875,0.4375,3,22,7,False,,36,Mature (35-44),0,Reality/Model,0,0,1,0,0,Midwest,1,0
Sasha Pieterse,Gleb Savchenko,Actor/Actress,Unknown,South Africa,21,25,10,107.5,3.583333333333333,0.45,0,18,5,False,,21,Young (<25),4,Entertainment,1,0,0,0,0,Non-US,0,1
Frankie Muniz,Witney Carson,Actor/Actress,New Jersey,United States,31,25,3,268.8887,8.380550833333334,0.2863610606060607,0,22,10,False,3.0,31,Prime (25-34),1,Entertainment,1,0,0,0,0,Northeast,1,2
Jordan Fisher,Lindsay Arnold,Actor/Actress,Alabama,United States,23,25,1,295.0,9.175,0.253030303030303,0,22,10,True,1.0,23,Young (<25),4,Entertainment,1,0,0,0,0,Southeast,1,4
Derek Fisher,Sharna Burgess,Athlete,Arkansas,United States,43,25,11,81.0,2.7,0.5666666666666668,4,22,4,False,,43,Mature (35-44),0,Sports,0,1,0,0,0,Southeast,1,4
Nikki Bella,Artem Chigvintsev,Athlete,California,United States,33,25,8,171.5,5.416666666666667,0.3928571428571428,4,22,7,False,,33,Prime (25-34),1,Sports,0,1,0,0,0,West,1,6
Terrell Owens,Cheryl Burke,Athlete,Alabama,United States,43,25,6,191.5,6.075,0.4751984126984127,4,22,8,False,,43,Mature (35-44),0,Sports,0,1,0,0,0,Southeast,1,4
Victoria Arlen,Valentin Chmerkovskiy,Athlete,New Hamshire,United States,22,25,5,228.5,7.358333333333332,0.2847222222222223,4,22,9,False,,22,Young (<25),4,Sports,0,1,0,0,0,Other-US,1,3
Barbara Corcoran,Keo Motsepe,Entrepreneur,New Jersey,United States,68,25,13,31.0,1.0333333333333334,1.0,2,22,2,False,,68,Veteran (55+),3,Other,0,0,0,0,1,Northeast,1,2
Lindsey Stirling,Mark Ballas,Musician,California,United States,31,25,2,286.5,8.883333333333335,0.2313131313131313,0,22,10,False,2.0,31,Prime (25-34),1,Entertainment,1,0,0,0,0,West,1,6
Debbie Gibson,Alan Bersten,Singer/Rapper,New York,United States,47,25,12,37.5,1.25,1.166666666666666,0,22,2,False,,47,Senior (45-54),2,Entertainment,1,0,0,0,0,Northeast,1,2
Nick Lachey,Peta Murgatroyd,Singer/Rapper,Kentucky,United States,43,25,9,128.0,4.05,0.1666666666666666,0,22,6,False,,43,Mature (35-44),0,Entertainment,1,0,0,0,0,Southeast,1,4
Drew Scott,Emma Slater,TV Personality,Unknown,Canada,39,25,4,252.0,7.8375,0.2972222222222222,3,3,10,False,,39,Mature (35-44),0,Reality/Model,0,0,1,0,0,Non-US,0,1
Vanessa Lachey,Maksim Chmerkoskiy,TV Personality,Unknown,Philippines,36,25,7,178.5,5.65,0.3095238095238095,3,15,7,False,,36,Mature (35-44),0,Reality/Model,0,0,1,0,0,Non-US,0,1
Jamie Anderson,Artem Chigvintsev,Athlete,California,United States,27,26,10,19.0,1.5833333333333333,0.0,4,22,1,False,,27,Prime (25-34),1,Sports,0,1,0,0,0,West,1,6
Johnny Damon,Emma Slater,Athlete,Kansas,United States,44,26,9,18.0,1.5,0.0,4,22,1,False,,44,Mature (35-44),0,Sports,0,1,0,0,0,Midwest,1,0
Kareem Abdul-Jabbar,Lindsay Arnold,Athlete,New York,United States,71,26,8,46.5,3.260416666666667,1.708333333333333,4,22,2,False,,71,Veteran (55+),3,Sports,0,1,0,0,0,Northeast,1,2
Arike Ogunbowale,Gleb Savchenko,Athlete,Wisconsin,United States,21,26,7,55.0,3.854166666666667,2.083333333333333,4,22,2,False,,21,Young (<25),4,Sports,0,1,0,0,0,Midwest,1,0
Jennie Finch Daigle,Keo Motsepe,Athlete,California,United States,37,26,6,81.5,5.53125,0.125,4,22,3,False,,37,Mature (35-44),0,Sports,0,1,0,0,0,West,1,6
Chris Mazdzer,Witney Carson,Athlete,Massachusetts,United States,29,26,5,87.0,5.875,0.625,4,22,3,False,,29,Prime (25-34),1,Sports,0,1,0,0,0,Northeast,1,2
Mirai Nagasu,Alan Bersten,Athlete,California,United States,25,26,4,95.0,6.416666666666667,0.5416666666666665,4,22,3,False,,25,Prime (25-34),1,Sports,0,1,0,0,0,West,1,6
Tonya Harding,Sasha Farber,Athlete,Oregon,United States,47,26,3,119.0,8.5,0.55,4,22,4,False,3.0,47,Senior (45-54),2,Sports,0,1,0,0,0,West,1,6
Josh Norman,Sharna Burgess,Athlete,South Carolina,United States,30,26,2,122.0,8.71875,0.6125,4,22,4,False,2.0,30,Prime (25-34),1,Sports,0,1,0,0,0,Southeast,1,4
Adam Rippon,Jenna Johnson,Athlete,Pennsylvania,United States,28,26,1,131.0,9.291666666666666,0.5999999999999999,4,22,4,True,1.0,28,Prime (25-34),1,Sports,0,1,0,0,0,Northeast,1,2
Juan Pablo Di Pace,Cheryl Burke,Actor/Actress,Unknown,Argentina,39,27,5,219.0,8.11111111111111,0.2817460317460318,0,0,8,False,,39,Mature (35-44),0,Entertainment,1,0,0,0,0,Non-US,0,1
Evanna Lynch,Keo Motsepe,Actor/Actress,Unknown,Ireland,27,27,3,234.5,8.685185185185183,0.4055555555555556,0,11,9,False,3.0,27,Prime (25-34),1,Entertainment,1,0,0,0,0,Non-US,0,1
Nancy McKeon,Valentin Chmerkovskiy,Actor/Actress,New York,United States,52,27,11,62.0,2.296296296296296,0.4166666666666665,0,22,3,False,,52,Senior (45-54),2,Entertainment,1,0,0,0,0,Northeast,1,2
John Schneider,Emma Slater,Actor/Actress,New York,United States,58,27,8,151.5,5.611111111111111,0.2976190476190475,0,22,7,False,,58,Veteran (55+),3,Entertainment,1,0,0,0,0,Northeast,1,2
Milo Manheim,Witney Carson,Actor/Actress,California,United States,17,27,2,245.5,9.092592592592592,0.275,0,22,9,False,2.0,17,Young (<25),4,Entertainment,1,0,0,0,0,West,1,6
Danelle Umstead,Artem Chigvintsev,Athlete,New Mexico,United States,46,27,12,36.5,1.351851851851852,0.1666666666666669,4,22,2,False,,46,Senior (45-54),2,Sports,0,1,0,0,0,Southwest,1,5
Mary Lou Retton,Sasha Farber,Athlete,West Virginia,United States,50,27,9,142.0,5.25925925925926,0.2666666666666666,4,22,6,False,,50,Senior (45-54),2,Sports,0,1,0,0,0,Southeast,1,4
DeMarcus Ware,Lindsay Arnold,Athlete,Alabama,United States,36,27,7,173.0,6.407407407407407,0.1845238095238095,4,22,7,False,,36,Mature (35-44),0,Sports,0,1,0,0,0,Southeast,1,4
Nikki Glaser,Gleb Savchenko,Comedian,Ohio,United States,34,27,13,17.5,0.6481481481481481,0.0,2,22,1,False,,34,Prime (25-34),1,Other,0,0,0,0,1,Midwest,1,0
Bobby Bones,Sharna Burgess,Radio Personality,Arkansas,United States,38,27,1,201.5,7.462962962962964,0.2555555555555555,2,22,9,True,1.0,38,Mature (35-44),0,Other,0,0,0,0,1,Southeast,1,4
Tinashe,Brandon Armstrong,Singer/Rapper,Kentucky,United States,25,27,10,102.0,3.7777777777777777,0.3333333333333331,0,22,4,False,,25,Prime (25-34),1,Entertainment,1,0,0,0,0,Southeast,1,4
Alexis Ren,Alan Bersten,Social Media Personality,California,United States,21,27,4,238.5,8.833333333333334,0.2472222222222222,2,22,9,False,,21,Young (<25),4,Other,0,0,0,0,1,West,1,6
Joe Amabile,Jenna Johnson,TV Personality,Illinois,United States,32,27,6,150.0,5.555555555555555,0.4246031746031746,3,22,8,False,,32,Prime (25-34),1,Reality/Model,0,0,1,0,0,Midwest,1,0
Kate Flannery,Pasha Pashkov,Actor/Actress,Pennsylvania,United States,55,28,7,186.9998,5.469690909090909,0.4186452380952381,0,22,8,False,,55,Veteran (55+),3,Entertainment,1,0,0,0,0,Northeast,1,2
James Van Der Beek,Emma Slater,Actor/Actress,Connecticut,United States,42,28,5,265.4998,7.5606,0.31009898989899,0,22,10,False,,42,Mature (35-44),0,Entertainment,1,0,0,0,0,Northeast,1,2
Kel Mitchell,Witney Carson,Actor/Actress,Illinois,United States,41,28,2,290.4998,8.28029696969697,0.4128775757575759,0,22,11,False,2.0,41,Mature (35-44),0,Entertainment,1,0,0,0,0,Midwest,1,0
Ray Lewis,Cheryl Burke,Athlete,Florida,United States,44,28,11,30.0,0.9090909090909092,0.0,4,22,2,False,,44,Mature (35-44),0,Sports,0,1,0,0,0,Southeast,1,4
Lamar Odom,Peta Murgatroyd,Athlete,New York,United States,39,28,10,55.0,1.515151515151515,0.4,4,22,4,False,,39,Mature (35-44),0,Sports,0,1,0,0,0,Northeast,1,2
Sailor Brinkley-Cook,Valentin Chmerkovskiy,Model,New York,United States,21,28,9,141.0,4.037878787878788,0.6023809523809524,3,22,6,False,,21,Young (<25),4,Reality/Model,0,0,1,0,0,Northeast,1,2
Sean Spicer,Lindsay Arnold,Politician,New York,United States,48,28,6,170.0,4.803030303030303,0.3125,2,22,9,False,,48,Senior (45-54),2,Other,0,0,0,0,1,Northeast,1,2
Mary Wilson,Brandon Armstrong,Singer/Rapper,Nevada,United States,75,28,12,32.0,0.9696969696969698,-0.666666666666667,0,22,2,False,,75,Veteran (55+),3,Entertainment,1,0,0,0,0,West,1,6
Lauren Alaina,Gleb Savchenko,Singer/Rapper,Georgia,United States,24,28,4,280.5,7.992424242424241,0.3098484848484849,0,22,11,False,,24,Young (<25),4,Entertainment,1,0,0,0,0,Southeast,1,4
Ally Brooke,Sasha Farber,Singer/Rapper,Texas,United States,26,28,3,300.5,8.56060606060606,0.4181818181818181,0,22,11,False,3.0,26,Prime (25-34),1,Entertainment,1,0,0,0,0,Southwest,1,5
Karamo Brown,Jenna Johnson,TV Personality,Texas,United States,38,28,8,150.5,4.348484848484848,0.4702380952380952,3,22,7,False,,38,Mature (35-44),0,Reality/Model,0,0,1,0,0,Southwest,1,5
Hannah Brown,Alan Bersten,TV Personality,Alabama,United States,24,28,1,294.4998,8.412872727272728,0.2693169696969696,3,22,11,True,1.0,24,Young (<25),4,Reality/Model,0,0,1,0,0,Southeast,1,4
Anne Heche,Keo Motsepe,Actor/Actress,Ohio,United States,51,29,13,72.0,2.1818181818181817,0.2,0,22,4,False,,51,Senior (45-54),2,Entertainment,1,0,0,0,0,Midwest,1,0
Jesse Metcalfe,Sharna Burgess,Actor/Actress,California,United States,41,29,12,98.0,2.96969696969697,0.0999999999999999,0,22,5,False,,41,Mature (35-44),0,Entertainment,1,0,0,0,0,West,1,6
Chrishell Stause,Gleb Savchenko,Actor/Actress,Kentucky,United States,39,29,8,171.0,5.181818181818182,0.5595238095238095,0,22,8,False,,39,Mature (35-44),0,Entertainment,1,0,0,0,0,Southeast,1,4
Skai Jackson,Alan Bersten,Actor/Actress,New York,United States,18,29,5,235.4996,7.136351515151515,0.4070658585858586,0,22,10,False,,18,Young (<25),4,Entertainment,1,0,0,0,0,Northeast,1,2
Justina Machado,Sasha Farber,Actor/Actress,Illinois,United States,48,29,4,275.9996,8.363624242424244,0.3333303030303031,0,22,11,False,,48,Senior (45-54),2,Entertainment,1,0,0,0,0,Midwest,1,0
Charles Oakley,Emma Slater,Athlete,Ohio,United States,56,29,15,27.0,0.8181818181818182,1.0,4,22,2,False,,56,Veteran (55+),3,Sports,0,1,0,0,0,Midwest,1,0
Veron Davis,Peta Murgatroyd,Athlete,Washington D.C.,United States,36,29,11,121.0,3.666666666666667,0.2761904761904761,4,22,6,False,,36,Mature (35-44),0,Sports,0,1,0,0,0,Other-US,1,3
Johnny Weir,Britt Stewart,Athlete,Pennsylvania,United States,36,29,6,250.5,7.590909090909091,0.4252525252525253,4,22,10,False,,36,Mature (35-44),0,Sports,0,1,0,0,0,Northeast,1,2
Nev Schulman,Jenna Johnson,Producer,New York,United States,35,29,2,289.9998,8.787872727272728,0.3545436363636364,2,22,11,False,2.0,35,Mature (35-44),0,Other,0,0,0,0,1,Northeast,1,2
AJ McLean,Cheryl Burke,Singer/Rapper,Florida,United States,42,29,7,210.9998,6.393933333333334,0.3611066666666667,0,22,9,False,,42,Mature (35-44),0,Entertainment,1,0,0,0,0,Southeast,1,4
Nelly,Daniella Karagach,Singer/Rapper,Texas,United States,45,29,3,252.5,7.6515151515151505,0.3924242424242425,0,22,11,False,3.0,45,Senior (45-54),2,Entertainment,1,0,0,0,0,Southwest,1,5
Kaitlyn Bristowe,Artem Chigvintsev,TV Personality,Unknown,Canada,35,29,1,286.0,8.666666666666668,0.3212121212121211,3,3,11,True,1.0,35,Mature (35-44),0,Reality/Model,0,0,1,0,0,Non-US,0,1
Carole Baskin,Pasha Pashkov,TV Personality,Texas,United States,59,29,14,39.0,1.181818181818182,0.1666666666666667,3,22,3,False,,59,Veteran (55+),3,Reality/Model,0,0,1,0,0,Southwest,1,5
Monica Aldama,Valentin Chmerkovskiy,TV Personality,Alabama,United States,48,29,10,155.0,4.696969696969696,0.4285714285714285,3,22,7,False,,48,Senior (45-54),2,Reality/Model,0,0,1,0,0,Southeast,1,4
Jeannie Mai,Brandon Armstrong,TV Personality,California,United States,41,29,9,153.0,4.636363636363637,0.4404761904761905,3,22,7,False,,41,Mature (35-44),0,Reality/Model,0,0,1,0,0,West,1,6
Martin Kove,Britt Stewart,Actor/Actress,New York,United States,75,30,15,28.0,0.7,0.5,0,22,2,False,,75,Veteran (55+),3,Entertainment,1,0,0,0,0,Northeast,1,2
Brian Austin Green,Sharna Burgess,Actor/Actress,California,United States,48,30,13,92.0,2.458333333333333,0.2083333333333333,0,22,4,False,,48,Senior (45-54),2,Entertainment,1,0,0,0,0,West,1,6
Melora Hardin,Artem Chigvintsev,Actor/Actress,Texas,United States,54,30,6,298.5,7.654166666666667,0.4048611111111111,0,22,9,False,,54,Senior (45-54),2,Entertainment,1,0,0,0,0,Southwest,1,5
Matt James,Lindsay Arnold,Athlete,North Carolina,United States,29,30,12,94.5,2.529166666666667,0.4541666666666667,4,22,4,False,,29,Prime (25-34),1,Sports,0,1,0,0,0,Southeast,1,4
"Mike ""The Miz"" Mizanin",Witney Carson,Athlete,Ohio,United States,40,30,9,202.5,5.245833333333333,0.3809523809523809,4,22,7,False,,40,Mature (35-44),0,Sports,0,1,0,0,0,Midwest,1,0
Suni Lee,Sasha Farber,Athlete,Minnesota,United States,18,30,5,296.5,7.5875,0.3916666666666667,4,22,9,False,,18,Young (<25),4,Sports,0,1,0,0,0,Midwest,1,0
Iman Shumpert,Daniella Karagach,Athlete,Illinois,United States,31,30,1,311.0,7.933333333333333,0.4944444444444444,4,22,10,True,1.0,31,Prime (25-34),1,Sports,0,1,0,0,0,Midwest,1,0
Cody Rigsby,Cheryl Burke,Fitness Instructor,California,United States,34,30,3,310.5,7.9125,0.4568181818181818,2,22,10,False,3.0,34,Prime (25-34),1,Other,0,0,0,0,1,West,1,6
Melanie C,Gleb Savchenko,Singer/Rapper,Unknown,England,47,30,11,148.0,3.883333333333333,0.525,0,8,5,False,,47,Senior (45-54),2,Entertainment,1,0,0,0,0,Non-US,0,1
Jimmie Allen,Emma Slater,Singer/Rapper,Delaware,United States,36,30,7,243.5,6.254166666666667,0.4776785714285714,0,22,8,False,,36,Mature (35-44),0,Entertainment,1,0,0,0,0,Southeast,1,4
Olivia Jade,Valentin Chmerkovskiy,Social Media Personality,California,United States,21,30,8,261.0,6.725,0.4910714285714285,2,22,8,False,,21,Young (<25),4,Other,0,0,0,0,1,West,1,6
JoJo Siwa,Jenna Johnson,Social Media Personality,Nebraska,United States,18,30,2,359.0,9.175,0.3318181818181818,2,22,10,False,2.0,18,Young (<25),4,Other,0,0,0,0,1,Midwest,1,0
Christine Chiu,Pasha Pashkov,TV Personality,Unknown,Taiwan China,38,30,14,70.0,1.925,0.375,3,21,3,False,,38,Mature (35-44),0,Reality/Model,0,0,1,0,0,Non-US,0,1
Kenya Moore,Brandon Armstrong,TV Personality,Michigan,United States,50,30,10,168.5,4.3875,0.4821428571428571,3,22,6,False,,50,Senior (45-54),2,Reality/Model,0,0,1,0,0,Midwest,1,0
Amanda Kloots,Alan Bersten,TV Personality,Ohio,United States,39,30,4,349.5,8.9375,0.3037878787878788,3,22,10,False,,39,Mature (35-44),0,Reality/Model,0,0,1,0,0,Midwest,1,0
Jason Lewis,Peta Murgatroyd,Actor/Actress,California,United States,51,31,16,18.0,0.45,0.0,0,22,1,False,,51,Senior (45-54),2,Entertainment,1,0,0,0,0,West,1,6
Cheryl Ladd,Louis van Amstel,Actor/Actress,South Dakota,United States,71,31,14,66.0,1.65,0.375,0,22,3,False,,71,Veteran (55+),3,Entertainment,1,0,0,0,0,Midwest,1,0
Selma Blair,Sasha Farber,Actor/Actress,Michigan,United States,50,31,12,156.0,3.9,0.7000000000000001,0,22,5,False,,50,Senior (45-54),2,Entertainment,1,0,0,0,0,Midwest,1,0
Joseph Baena,Daniella Karagach,Actor/Actress,California,United States,24,31,11,139.0,3.475,0.7000000000000001,0,22,5,False,,24,Young (<25),4,Entertainment,1,0,0,0,0,West,1,6
Trevor Donovan,Emma Slater,Actor/Actress,California,United States,39,31,6,286.5,7.1625,0.4291666666666667,0,22,9,False,,39,Mature (35-44),0,Entertainment,1,0,0,0,0,West,1,6
Daniel Durant,Britt Stewart,Actor/Actress,Michigan,United States,32,31,5,293.5,7.3375,0.3166666666666667,0,22,9,False,,32,Prime (25-34),1,Entertainment,1,0,0,0,0,Midwest,1,0
Wayne Brady,Witney Carson,Comedian,Georgia,United States,50,31,3,362.5,9.0625,0.2598484848484849,2,22,10,False,3.0,50,Senior (45-54),2,Other,0,0,0,0,1,Southeast,1,4
Sam Champion,Cheryl Burke,News Anchor,Kentucky,United States,61,31,13,96.0,2.4,0.35,1,22,4,False,,61,Veteran (55+),3,Media,0,0,0,1,0,Southeast,1,4
Jessie James Decker,Alan Bersten,Singer/Rapper,Unknown,Italy,34,31,10,170.0,4.25,0.7,0,12,6,False,,34,Prime (25-34),1,Entertainment,1,0,0,0,0,Non-US,0,1
Jordin Sparks,Brandon Armstrong,Singer/Rapper,Arizona,United States,32,31,9,220.0,5.5,0.4107142857142857,0,22,7,False,,32,Prime (25-34),1,Entertainment,1,0,0,0,0,Southwest,1,5
Heidi D'Amelio,Artem Chigvintsev,Social Media Personality,Louisiana,United States,50,31,8,263.0,6.575,0.3839285714285714,2,22,8,False,,50,Senior (45-54),2,Other,0,0,0,0,1,Southeast,1,4
Charli D'Amelio,Mark Ballas,Social Media Personality,Connecticut,United States,18,31,1,379.0,9.475,0.2954545454545454,2,22,10,True,1.0,18,Young (<25),4,Other,0,0,0,0,1,Northeast,1,2
Teresa Giudice,Pasha Pashkov,TV Personality,New Jersey,United States,50,31,15,43.0,1.075,0.75,3,22,2,False,,50,Senior (45-54),2,Reality/Model,0,0,1,0,0,Northeast,1,2
Vinny Guadagnino,Koko Iwasaki,TV Personality,New York,United States,34,31,7,215.5,5.3875,0.3675595238095238,3,22,8,False,,34,Prime (25-34),1,Reality/Model,0,0,1,0,0,Northeast,1,2
Shangela,Gleb Savchenko,TV Personality,Texas,United States,40,31,4,345.5,8.6375,0.3340909090909091,3,22,10,False,,40,Mature (35-44),0,Reality/Model,0,0,1,0,0,Southwest,1,5
Gabby Windey,Valentin Chmerkovskiy,TV Personality,Illinois,United States,31,31,2,362.5,9.0625,0.2931818181818182,3,22,10,False,2.0,31,Prime (25-34),1,Reality/Model,0,0,1,0,0,Midwest,1,0
Jamie Lynn Spears,Alan Bersten,Actor/Actress,Mississippi,United States,32,32,13,31.0,0.9393939393939392,0.333333333333333,0,22,2,False,,32,Prime (25-34),1,Entertainment,1,0,0,0,0,Southeast,1,4
Mira Sorvino,Gleb Savchenko,Actor/Actress,New York,United States,55,32,10,104.0,2.9545454545454546,0.4333333333333332,0,22,5,False,,55,Veteran (55+),3,Entertainment,1,0,0,0,0,Northeast,1,2
Barry Williams,Peta Murgatroyd,Actor/Actress,California,United States,68,32,7,197.5,5.041666666666666,0.5570436507936508,0,22,8,False,,68,Veteran (55+),3,Entertainment,1,0,0,0,0,West,1,6
Alyson Hannigan,Sasha Farber,Actor/Actress,Washington D.C.,United States,49,32,5,281.0,7.318181818181817,0.4083333333333334,0,22,11,False,,49,Senior (45-54),2,Entertainment,1,0,0,0,0,Other-US,1,3
Xochitl Gomez,Valentin Chmerkovskiy,Actor/Actress,California,United States,17,32,1,349.0,9.121212121212125,0.3333333333333333,0,22,11,True,1.0,17,Young (<25),4,Entertainment,1,0,0,0,0,West,1,6
Adrian Peterson,Britt Stewart,Athlete,Texas,United States,38,32,11,76.0,2.136363636363636,0.35,4,22,4,False,,38,Mature (35-44),0,Sports,0,1,0,0,0,Southwest,1,5
Matt Walsh,Koko Iwasaki,Comedian,Illinois,United States,58,32,14,12.0,0.3636363636363636,0.0,2,22,1,False,,58,Veteran (55+),3,Other,0,0,0,0,1,Midwest,1,0
Tyson Beckford,Jenna Johnson,Model,New York,United States,52,32,12,50.0,1.3636363636363635,0.5,3,22,3,False,,52,Senior (45-54),2,Reality/Model,0,0,1,0,0,Northeast,1,2
Jason Mraz,Daniella Karagach,Singer/Rapper,Virginia,United States,46,32,2,339.5,8.886363636363637,0.2568181818181818,0,22,11,False,2.0,46,Senior (45-54),2,Entertainment,1,0,0,0,0,Southeast,1,4
Lele Pons,Brandon Armstrong,Social Media Personality,Unknown,Venezuela,27,32,8,186.5,4.890151515151515,0.5044642857142857,2,23,7,False,,27,Prime (25-34),1,Other,0,0,0,0,1,Non-US,0,1
Harry Jowsey,Rylee Arnold,TV Personality,Unknown,Australia,26,32,6,209.0,5.25,0.4041666666666666,3,1,9,False,,26,Prime (25-34),1,Reality/Model,0,0,1,0,0,Non-US,0,1
Mauricio Umansky,Emma Slater,TV Personality,Unknown,Mexico,53,32,9,126.0,3.3939393939393936,0.8238095238095238,3,13,6,False,,53,Senior (45-54),2,Reality/Model,0,0,1,0,0,Non-US,0,1
Charity Lawson,Artem Chigvintsev,TV Personality,Georgia,United States,27,32,4,337.0,8.825757575757576,0.2863636363636364,3,22,11,False,,27,Prime (25-34),1,Reality/Model,0,0,1,0,0,Southeast,1,4
Ariana Madix,Pasha Pashkov,TV Personality,Florida,United States,38,32,3,339.5,8.840909090909092,0.309090909090909,3,22,11,False,3.0,38,Mature (35-44),0,Reality/Model,0,0,1,0,0,Southeast,1,4
Tori Spelling,Pasha Pashkov,Actor/Actress,California,United States,51,33,12,36.0,1.3333333333333333,0.6666666666666661,0,22,2,False,,51,Senior (45-54),2,Entertainment,1,0,0,0,0,West,1,6
Eric Roberts,Britt Stewart,Actor/Actress,California,United States,68,33,10,53.0,1.75,0.375,0,22,3,False,,68,Veteran (55+),3,Entertainment,1,0,0,0,0,West,1,6
Reginald VelJohnson,Emma Slater,Actor/Actress,New York,United States,74,33,10,52.0,1.7314814814814814,-0.0416666666666665,0,22,3,False,,74,Veteran (55+),3,Entertainment,1,0,0,0,0,Northeast,1,2
Chandler Kinney,Brandon Armstrong,Actor/Actress,California,United States,24,33,3,261.5,9.069444444444445,0.3291666666666666,0,22,9,False,3.0,24,Young (<25),4,Entertainment,1,0,0,0,0,West,1,6
Dwight Howard ,Daniella Karagach,Athlete,Georgia,United States,38,33,6,178.0,6.083333333333333,0.3392857142857143,4,22,7,False,,38,Mature (35-44),0,Sports,0,1,0,0,0,Southeast,1,4
Danny Amendola,Witney Carson,Athlete,Texas,United States,39,33,5,241.0,8.314814814814815,0.3166666666666667,4,22,9,False,,39,Mature (35-44),0,Sports,0,1,0,0,0,Southwest,1,5
Stephen Nedoroscik,Rylee Arnold,Athlete,Florida,United States,26,33,4,242.0,8.37037037037037,0.3236111111111112,4,22,9,False,,26,Prime (25-34),1,Sports,0,1,0,0,0,Southeast,1,4
Ilona Maher,Alan Bersten,Athlete,California,United States,28,33,2,232.0,8.037037037037036,0.4138888888888889,4,22,9,False,2.0,28,Prime (25-34),1,Sports,0,1,0,0,0,West,1,6
Anna Delvey,Ezra Sosa,Con artist,Unknown,Russia,33,33,12,35.0,1.2962962962962965,-0.333333333333333,2,17,2,False,,33,Prime (25-34),1,Other,0,0,0,0,1,Non-US,0,1
Brooks Nader,Gleb Savchenko,Model,New York,United States,27,33,9,100.5,3.1435185185185186,0.6958333333333333,3,22,4,False,,27,Prime (25-34),1,Reality/Model,0,0,1,0,0,Northeast,1,2
Phaedra Parks,Val Chmerkovskiy,TV Personality,Georgia,United States,51,33,8,124.0,4.037037037037036,0.4333333333333334,3,22,5,False,,51,Senior (45-54),2,Reality/Model,0,0,1,0,0,Southeast,1,4
Jenn Tran,Sasha Farber,TV Personality,Florida,United States,26,33,7,157.5,5.25,0.7642857142857145,3,22,6,False,,26,Prime (25-34),1,Reality/Model,0,0,1,0,0,Southeast,1,4
Joey Graziadei,Jenna Johnson,TV Personality,Louisiana,United States,29,33,1,258.0,8.898148148148147,0.3472222222222222,3,22,9,True,1.0,29,Prime (25-34),1,Reality/Model,0,0,1,0,0,Southeast,1,4
Corey Feldman,Jenna Johnson,Actor/Actress,California,United States,54,34,13,24.0,0.8636363636363636,0.5,0,22,2,False,,54,Senior (45-54),2,Entertainment,1,0,0,0,0,West,1,6
Danielle Fishel,Pasha Pashkov,Actor/Actress,California,United States,44,34,8,210.0,5.507575757575757,0.4890873015873016,0,22,8,False,,44,Mature (35-44),0,Entertainment,1,0,0,0,0,West,1,6
Elaine Hendrix,Alan Bersten (Rashad Jennings week 9),Actor/Actress,Georgia,United States,55,34,5,306.9998,8.1856,0.3416636363636364,0,22,11,False,,55,Veteran (55+),3,Entertainment,1,0,0,0,0,Southeast,1,4
Baron Davis,Britt Stewart,Athlete,California,United States,46,34,13,28.0,1.0,1.0,4,22,2,False,,46,Senior (45-54),2,Sports,0,1,0,0,0,West,1,6
Jordan Chiles,Ezra Sosa (Apolo Anton Ohno week 9),Athlete,Texas,United States,24,34,3,325.1666,8.588381818181817,0.3941909090909091,4,22,11,False,3.0,24,Young (<25),4,Sports,0,1,0,0,0,Southwest,1,5
Andy Richter,Emma Slater/Kaitlyn Bristowe (week 9),Comedian,California,United States,59,34,7,204.0,5.234848484848484,0.3958333333333333,2,22,9,False,,59,Veteran (55+),3,Other,0,0,0,0,1,West,1,6
Robert Irwin,Witney Carson (Xoshitl Gomez week 9),Conservationist,Unknown,Australia,22,34,1,332.1666,8.838381818181817,0.3388878787878789,2,1,11,True,1.0,22,Young (<25),4,Other,0,0,0,0,1,Non-US,0,1
Hilaria Baldwin,Gleb Savchenko,Entrepreneur,New York,United States,41,34,11,80.0,2.636363636363636,0.2333333333333334,2,22,4,False,,41,Mature (35-44),0,Other,0,0,0,0,1,Northeast,1,2
Lauren Jauregui,Brandon Armstrong,Singer/Rapper,Florida,United States,29,34,12,52.0,1.7727272727272727,-0.25,0,22,3,False,,29,Prime (25-34),1,Entertainment,1,0,0,0,0,Southeast,1,4
Scott Hoying,Rylee Arnold,Singer/Rapper,California,United States,34,34,10,129.0,3.6212121212121207,0.4047619047619047,0,22,6,False,,34,Prime (25-34),1,Entertainment,1,0,0,0,0,West,1,6
Alix Earle,Val Chmerkovskiy (Joey Graziadei week 9),Social media personality,Florida,United States,24,34,2,331.5,8.791666666666668,0.3674242424242423,2,22,11,False,2.0,24,Young (<25),4,Other,0,0,0,0,1,Southeast,1,4
Jen Affleck,Jan Ravnik,TV Personality,Utah,United States,26,34,9,171.0,4.643939393939394,0.3482142857142857,3,22,7,False,,26,Prime (25-34),1,Reality/Model,0,0,1,0,0,West,1,6
Whitney Leavitt,Mark Ballas,TV Personality,Utah,United States,32,34,6,310.5,8.155303030303031,0.3578282828282828,3,22,10,False,,32,Prime (25-34),1,Reality/Model,0,0,1,0,0,West,1,6
Dylan Efron,Daniella Karagach (Rumer Willis week 9),TV Personality,California,United States,33,34,4,318.8332,8.404036363636363,0.423230303030303,3,22,11,False,,33,Prime (25-34),1,Reality/Model,0,0,1,0,0,West,1,6
