celebrity_name,ballroom_partner,celebrity_industry,celebrity_homestate,celebrity_homecountry/region,celebrity_age_during_season,season,placement,cumulative_total_score,overall_avg_score,score_trend,industry_encoded,country_encoded,active_weeks,is_winner,final_rank
John O'Hurley,Charlotte Jorgensen,Actor/Actress,Maine,United States,50,1,2,145.0,8.055555555555555,0.33333333333333337,0,22,6,False,2.0
Kelly Monaco,Alec Mazo,Actor/Actress,Pennsylvania,United States,29,1,1,128.0,7.111111111111111,0.9238095238095236,0,22,6,True,1.0
Evander Holyfield,Edyta Sliwinska,Athlete,Alabama,United States,42,1,5,45.0,2.5,-0.8333333333333334,2,22,3,False,
Rachel Hunter,Jonathan Roberts,Model,Unknown,New Zealand,35,1,4,95.0,5.277777777777778,0.5666666666666667,13,14,4,False,
Joey McIntyre,Ashly DelGrosso,Singer/Rapper,Massachusetts,United States,32,1,3,105.5,5.861111111111112,0.1333333333333333,21,22,5,False,3.0
Trista Sutter,Louis van Amstel,TV Personality,Indiana,United States,32,1,6,37.0,2.0555555555555554,0.33333333333333304,25,22,2,False,
Tatum O'Neal,Nick Kosovich,Actor/Actress,California,United States,42,2,9,40.0,1.6666666666666667,-2.0,0,22,2,False,
Tia Carrere,Maksim Chmerkoskiy,Actor/Actress,Hawaii,United States,39,2,6,115.0,4.791666666666667,0.2333333333333333,0,22,5,False,
George Hamilton,Edyta Sliwinska,Actor/Actress,Tennessee,United States,66,2,5,130.0,5.416666666666666,0.2857142857142858,0,22,6,False,
Lisa Rinna,Louis van Amstel,Actor/Actress,California,United States,42,2,4,168.5,7.020833333333334,0.43452380952380953,0,22,7,False,
Stacy Keibler,Tony Dovolani,Athlete,Maryland,United States,26,2,3,220.16649999999998,9.173604166666667,0.20700595238095243,2,22,8,False,3.0
Jerry Rice,Anna Trebunskaya,Athlete,Mississippi,United States,43,2,2,180.16660000000002,7.506941666666667,0.1514531746031746,2,22,8,False,2.0
Giselle Fernandez,Jonathan Roberts,News Anchor,Unknown,Mexico,44,2,8,69.0,2.875,-0.16666666666666696,16,13,3,False,
Master P,Ashly DelGrosso,Singer/Rapper,Louisiana,United States,35,2,7,50.0,2.083333333333333,-0.4666666666666666,21,22,4,False,
Drew Lachey,Cheryl Burke,Singer/Rapper,Ohio,United States,29,2,1,219.4998,9.145825,0.18055000000000002,21,22,8,True,1.0
Kenny Mayne,Andrea Hale,Sports Broadcaster,Washington,United States,46,2,10,13.0,0.5416666666666666,0.0,24,22,1,False,
Harry Hamlin,Ashly DelGrosso,Actor/Actress,California,United States,54,3,9,60.0,2.0,0.833333333333333,0,22,3,False,
Vivica A. Fox,Nick Kosovich,Actor/Actress,Indiana,United States,42,3,8,97.0,3.233333333333333,0.3000000000000001,0,22,4,False,
Monique Coleman,Louis van Amstel,Actor/Actress,South Carolina,United States,25,3,4,199.5,6.65,0.1924603174603176,0,22,8,False,
Joey Lawrence,Edyta Sliwinska,Actor/Actress,Pennsylvania,United States,30,3,3,233.0,7.7666666666666675,0.2111111111111112,0,22,9,False,3.0
Mario Lopez,Karina Smirnoff,Actor/Actress,California,United States,32,3,2,268.6666,8.955553333333334,0.24848363636363643,0,22,10,False,2.0
Emmitt Smith,Cheryl Burke,Athlete,Florida,United States,37,3,1,257.6666,8.588886666666667,0.2848472727272728,2,22,10,True,1.0
Shanna Moakler,Jesse DeSoto,Model,Rhode Island,United States,31,3,10,40.0,1.3333333333333333,1.333333333333333,13,22,2,False,
Willa Ford,Maksim Chmerkoskiy,Singer/Rapper,Florida,United States,25,3,7,122.0,4.066666666666667,0.5000000000000001,21,22,5,False,
Sara Evans,Tony Dovolani,Singer/Rapper,Missouri,United States,35,3,6,105.0,3.5,0.5666666666666668,21,22,5,False,
Jerry Springer,Kym Johnson,TV Personality,Unknown,England,62,3,5,143.0,4.7666666666666675,0.261904761904762,25,8,7,False,
Tucker Carlson,Elena Grinenko,TV Personality,California,United States,37,3,11,12.0,0.4,0.0,25,22,1,False,
John Ratzenberger,Edyta Sliwinska,Actor/Actress,Connecticut,United States,59,4,6,133.5,4.45,0.12499999999999993,0,22,7,False,
Ian Ziering,Cheryl Burke,Actor/Actress,New Jersey,United States,42,4,4,218.5,7.283333333333333,0.23611111111111108,0,22,9,False,
Clyde Drexler,Elena Grinenko,Athlete,Louisiana,United States,44,4,8,78.0,2.5999999999999996,-0.30000000000000004,2,22,5,False,
Laila Ali,Maksim Chmerkoskiy,Athlete,Florida,United States,29,4,3,262.33320000000003,8.74444,0.24646222222222236,2,22,10,False,3.0
Apolo Anton Ohno,Julianne Hough,Athlete,Washington,United States,24,4,1,268.8332,8.961106666666666,0.2636339393939394,2,22,10,True,1.0
Shandi Finnessey,Brian Fortuna,Beauty Pagent,Missouri,United States,28,4,10,60.0,2.0,0.3333333333333335,3,22,3,False,
Paulina Porizkova,Alec Mazo,Model,Unknown,Czechoslovakia,41,4,11,40.0,1.3333333333333333,0.666666666666667,13,7,2,False,
Heather Mills,Jonathan Roberts,Model,Unknown,England,39,4,7,133.0,4.433333333333334,0.1428571428571429,13,8,6,False,
Billy Ray Cyrus,Karina Smirnoff,Singer/Rapper,Kentucky,United States,45,4,5,152.0,5.066666666666667,0.11111111111111109,21,22,8,False,
Joey Fatone,Kym Johnson,Singer/Rapper,New York,United States,30,4,2,267.6665,8.922216666666667,0.21817878787878792,21,22,10,False,2.0
Leeza Gibbons,Tony Dovolani,TV Personality,South Carolina,United States,50,4,9,76.0,2.533333333333333,0.1999999999999999,25,22,4,False,
Cameron Mathison,Edyta Sliwinska,Actor/Actress,Unknown,Canada,38,5,5,194.0,6.466666666666667,0.2341269841269841,0,3,8,False,
Jane Seymour,Tony Dovolani,Actor/Actress,Unknown,England,56,5,6,171.0,5.7,0.04761904761904764,0,8,7,False,
Sabrina Bryan,Mark Ballas,Actor/Actress,California,United States,23,5,7,162.0,5.4,0.03809523809523837,0,22,6,False,
Jennie Garth,Derek Hough,Actor/Actress,Illinois,United States,35,5,4,227.5,7.583333333333333,0.25000000000000006,0,22,9,False,
Floyd Mayweather Jr. ,Karina Smirnoff,Athlete,Michigan,United States,30,5,9,83.0,2.7666666666666666,0.5000000000000001,2,22,4,False,
Josie Maran,Alec Mazo,Model,California,United States,29,5,12,16.0,0.5333333333333333,0.0,13,22,1,False,
Albert Reed,Anna Trebunskaya,Model,Florida,United States,22,5,11,42.0,1.4,0.0,13,22,2,False,
Helio Castroneves,Julianne Hough,Racing Driver,Unknown,Brazil,32,5,1,266.4999,8.88333,0.1464628282828283,19,2,10,True,1.0
Mel B,Maksim Chmerkoskiy,Singer/Rapper,Unknown,England,32,5,2,272.3332,9.077773333333333,0.19595717171717178,21,8,10,False,2.0
Wayne Newton,Cheryl Burke,Singer/Rapper,Virginia,United States,65,5,10,52.0,1.7333333333333332,-0.16666666666666652,21,22,3,False,
Marie Osmond,Jonathan Roberts,Singer/Rapper,Utah,United States,47,5,3,242.5,8.083333333333332,0.08181818181818186,21,22,10,False,3.0
Mark Cuban,Kym Johnson,TV Personality,Pennsylvania,United States,49,5,8,102.0,3.4,0.1333333333333333,25,22,5,False,
Cristian de la Fuente,Cheryl Burke,Actor/Actress,Unknown,Chile,34,6,3,247.5,8.25,0.2292929292929293,0,4,10,False,3.0
Steve Guttenberg,Anna Trebunskaya,Actor/Actress,New York,United States,49,6,10,55.0,1.8333333333333333,0.5,0,22,3,False,
Priscilla Presley,Louis van Amstel,Actor/Actress,New York,United States,62,6,8,114.0,3.8,-0.1666666666666667,0,22,5,False,
Marlee Matlin,Fabian Sanchez,Actor/Actress,Illinois,United States,42,6,7,134.0,4.466666666666667,-0.07619047619047617,0,22,6,False,
Shannon Elizabeth,Derek Hough,Actor/Actress,Texas,United States,34,6,6,169.5,5.65,0.1488095238095238,0,22,7,False,
Marissa Jaret Winokur,Tony Dovolani,Actor/Actress,New York,United States,35,6,4,209.0,6.966666666666667,0.3333333333333333,0,22,9,False,
Jason Taylor,Edyta Sliwinska,Athlete,Pennsylvania,United States,33,6,2,261.5,8.716666666666667,0.14040404040404036,2,22,10,False,2.0
Kristi Yamaguchi,Mark Ballas,Athlete,California,United States,36,6,1,282.0,9.4,0.07070707070707072,2,22,10,True,1.0
Monica Seles,Jonathan Roberts,Athlete,Unknown,Yugoslavia,34,6,11,30.0,1.0,0.0,2,25,2,False,
Penn Jillette,Kym Johnson,Magician,Massachusetts,United States,53,6,12,33.0,1.1,0.3333333333333339,11,22,2,False,
Adam Carolla,Julianne Hough,Radio Personality,California,United States,43,6,9,74.0,2.4666666666666663,0.4666666666666666,20,22,4,False,
Mario,Karina Smirnoff,Singer/Rapper,Maryland,United States,21,6,5,202.0,6.733333333333334,0.15476190476190488,21,22,8,False,
Ted McGinley,Inna Brayer,Actor/Actress,California,United States,50,7,12,18.5,0.6166666666666667,0.0,0,22,1,False,
Cloris Leachman,Corky Ballas,Actor/Actress,Iowa,United States,82,7,7,105.0,3.5,0.180952380952381,0,22,6,False,
Susan Lucci,Tony Dovolani,Actor/Actress,New York,United States,61,7,6,153.5,5.116666666666667,0.25595238095238093,0,22,7,False,
Cody Linley,Julianne Hough,Actor/Actress,Texas,United States,18,7,4,205.5,6.85,0.1166666666666667,0,22,9,False,
Misty May-Treanor,Maksim Chmerkoskiy,Athlete,California,United States,31,7,10,42.0,1.4,0.0,2,22,2,False,
Maurice Greene,Cheryl Burke,Athlete,Kansas,United States,34,7,5,179.5,5.983333333333333,0.2361111111111112,2,22,8,False,
Warren Sapp,Kym Johnson,Athlete,Florida,United States,35,7,2,242.5,8.083333333333334,0.13030303030303023,2,22,10,False,2.0
Jeffrey Ross,Edyta Sliwinska,Comedian,New Jersey,United States,43,7,13,12.0,0.4,0.0,4,22,1,False,
Toni Braxton,Alec Mazo,Singer/Rapper,Maryland,United States,40,7,8,111.5,3.7166666666666672,-0.06666666666666679,21,22,5,False,
Lance Bass,Lacey Schwimmer,Singer/Rapper,Mississippi,United States,29,7,3,243.5,8.116666666666667,0.26565656565656565,21,22,10,False,3.0
Kim Kardashian,Mark Ballas,TV Personality,California,United States,27,7,11,35.5,1.1833333333333333,-0.5,25,22,2,False,
Rocco DiSpirito,Karina Smirnoff,TV Personality,New York,United States,41,7,9,71.5,2.3833333333333337,0.1833333333333335,25,22,4,False,
Brooke Burke,Derek Hough,TV Personality,Connecticut,United States,37,7,1,269.5,8.983333333333333,0.12020202020202019,25,22,10,True,1.0
Gilles Marini,Cheryl Burke,Actor/Actress,Unknown,France,33,8,2,304.5,9.227272727272727,0.09999999999999999,0,9,11,False,2.0
Denise Richards,Maksim Chmerkoskiy,Actor/Actress,Illinois,United States,38,8,12,55.0,1.6666666666666665,-0.3333333333333335,0,22,3,False,
David Alan Grier,Kym Johnson,Actor/Actress,Michigan,United States,52,8,9,104.0,3.1515151515151514,0.36666666666666664,0,22,5,False,
Lawrence Taylor,Edyta Sliwinska,Athlete,Virginia,United States,50,8,7,138.0,4.181818181818182,0.22619047619047616,2,22,7,False,
Ty Murray,Chelsie Hightower,Athlete,Arizona,United States,39,8,4,218.0,6.606060606060606,0.2424242424242424,2,22,10,False,
Shawn Johnson,Mark Ballas,Athlete,Iowa,United States,17,8,1,291.0,8.818181818181817,0.17575757575757578,2,22,11,True,1.0
Steve Wozniak,Karina Smirnoff,Entrepreneur,California,United States,58,8,10,52.0,1.575757575757576,-0.33333333333333326,7,22,4,False,
Belinda Carlisle,Jonathan Roberts,Singer/Rapper,California,United States,50,8,13,35.0,1.0606060606060608,0.33333333333333304,21,22,2,False,
Chuck Wicks,Julianne Hough,Singer/Rapper,Delaware,United States,29,8,6,183.5,5.560606060606061,0.2956349206349206,21,22,8,False,
Lil' Kim,Derek Hough,Singer/Rapper,New York,United States,34,8,5,230.0,6.96969696969697,0.21111111111111105,21,22,9,False,
Steve-O,Lacey Schwimmer,TV Personality,Unknown,England,34,8,8,95.0,2.878787878787879,0.06666666666666655,25,8,6,False,
Holly Madison,Dmitry Chaplin,TV Personality,Oregon,United States,30,8,11,69.0,2.090909090909091,-0.2333333333333334,25,22,4,False,
Melissa Rycroft,Tony Dovolani,TV Personality,Texas,United States,26,8,3,293.5,8.893939393939394,0.09090909090909091,25,22,11,False,3.0
Ashley Hamiliton,Edyta Sliwinska,Actor/Actress,California,United States,34,9,16,18.9999,0.6333300000000001,0.0,0,22,1,False,
Debi Mazar,Maksim Chmerkoskiy,Actor/Actress,New York,United States,45,9,12,60.0,2.0,-0.833333333333333,0,22,3,False,
Melissa Joan Hart,Mark Ballas,Actor/Actress,New York,United States,33,9,9,136.9999,4.5666633333333335,0.19999523809523811,0,22,6,False,
Mark Dacascos,Lacey Schwimmer,Actor/Actress,Hawaii,United States,45,9,6,169.4998,5.649993333333333,0.08929285714285702,0,22,7,False,
Chuck Liddell,Anna Trebunskaya,Athlete,California,United States,39,9,11,75.0,2.5,-0.5666666666666664,2,22,4,False,
Natalie Coughlin,Alec Mazo,Athlete,California,United States,27,9,10,119.9998,3.9999933333333333,-0.23331999999999997,2,22,5,False,
Louie Vito,Chelsie Hightower,Athlete,Ohio,United States,21,9,8,127.9998,4.26666,-0.09522857142857141,2,22,6,False,
Michael Irvin,Anna Demidova,Athlete,Florida,United States,43,9,7,135.4998,4.51666,0.29166190476190473,2,22,7,False,
Joanna Krupa,Derek Hough,Model,Unknown,Poland,30,9,4,243.4998,8.11666,0.05000166666666662,13,16,9,False,
Kathy Ireland,Tony Dovolani,Model,California,United States,46,9,14,37.9999,1.2666633333333333,-0.6666333333333334,13,22,2,False,
Tom DeLay,Cheryl Burke,Politician,Texas,United States,62,9,13,52.9999,1.7666633333333333,-0.8333166666666666,17,22,3,False,
Macy Gray,Jonathan Roberts,Singer/Rapper,Ohio,United States,42,9,15,18.9999,0.6333300000000001,0.0,21,22,1,False,
Aaron Carter,Karina Smirnoff,Singer/Rapper,Florida,United States,21,9,5,206.4997,6.883323333333334,-0.03769801587301568,21,22,8,False,
Mya,Dmitry Chaplin,Singer/Rapper,Washington D.C.,United States,29,9,2,284.33299999999997,9.477766666666668,-0.004042424242424221,21,22,10,False,2.0
Donny Osmond,Kym Johnson,Singer/Rapper,Utah,United States,51,9,1,264.6662,8.822206666666668,0.03366707070707083,21,22,10,True,1.0
Kelly Osbourne,Louis van Amstel,TV Personality,Unknown,England,24,9,3,244.72159999999997,8.157386666666666,0.06969696969696976,25,8,10,False,3.0
Aiden Turner,Edyta Sliwinska,Actor/Actress,Unknown,England,32,10,9,70.5,2.35,0.1833333333333334,0,8,4,False,
Shannen Doherty,Mark Ballas,Actor/Actress,Tennessee,United States,38,10,11,38.0,1.2666666666666668,0.666666666666667,0,22,2,False,
Niecy Nash,Louis van Amstel,Actor/Actress,California,United States,40,10,5,167.9998,5.599993333333333,0.22618809523809524,0,22,8,False,
Buzz Aldrin,Ashly DelGrosso,Astronaut,New Jersey,United States,80,10,10,39.0,1.3,-0.16666666666666696,1,22,3,False,
Chad Ochocinco,Cheryl Burke,Athlete,Florida,United States,32,10,4,199.4999,6.649996666666667,0.4027772222222222,2,22,9,False,
Evan Lysacek,Anna Trebunskaya,Athlete,Illinois,United States,24,10,2,262.8887,8.762956666666668,0.15959252525252526,2,22,10,False,2.0
Pamela Anderson,Damian Whitewood,Model,Unknown,Canada,42,10,6,163.9998,5.466659999999999,0.35118571428571427,13,3,7,False,
Nicole Scherzinger,Derek Hough,Singer/Rapper,Hawaii,United States,31,10,1,280.7776,9.359253333333333,0.18181656565656565,21,22,10,True,1.0
Erin Andrews,Maksim Chmerkoskiy,Sports Broadcaster,Maine,United States,32,10,3,249.4998,8.31666,0.27575393939393944,24,22,10,False,3.0
Kate Gosselin,Tony Dovolani,TV Personality,Pennsylvania,United States,35,10,8,77.0,2.5666666666666664,-0.033333333333333305,25,22,5,False,
Jake Pavelka,Chelsie Hightower,TV Personality,Texas,United States,32,10,7,127.9999,4.266663333333333,0.3047571428571427,25,22,6,False,
David Hasselhoff,Kym Johnson,Actor/Actress,Maryland,United States,58,11,12,15.0,0.5,0.0,0,22,1,False,
Florence Henderson,Corky Ballas,Actor/Actress,Indiana,United States,76,11,8,95.5,3.183333333333333,0.15000000000000002,0,22,5,False,
Kyle Massey,Lacey Schwimmer,Actor/Actress,Georgia,United States,19,11,2,255.8331,8.248603333333332,0.2795428282828282,0,22,10,False,2.0
Jennifer Grey,Derek Hough,Actor/Actress,New York,United States,50,11,1,279.0,8.995833333333334,0.24368686868686873,0,22,10,True,1.0
Rick Fox,Cheryl Burke,Athlete,Unknown,Canada,41,11,6,175.0,5.5458333333333325,0.3526785714285714,2,3,7,False,
Kurt Warner,Anna Trebunskaya,Athlete,Iowa,United States,39,11,5,184.9999,5.874996666666666,0.25892738095238094,2,22,8,False,
Margaret Cho,Louis van Amstel,Comedian,California,United States,41,11,10,51.0,1.7,0.5,4,22,3,False,
Michael Bolton,Chelsie Hightower,Singer/Rapper,Connecticut,United States,57,11,11,28.0,0.9333333333333332,-1.333333333333333,21,22,2,False,
Brandy,Maksim Chmerkoskiy,Singer/Rapper,Mississippi,United States,31,11,4,248.4999,7.979163333333334,0.35138833333333336,21,22,9,False,
The Situation,Karina Smirnoff,TV Personality,New York,United States,28,11,9,67.0,2.2333333333333334,-0.033333333333333215,25,22,4,False,
Audrina Patridge,Tony Dovolani,TV Personality,California,United States,25,11,7,145.9998,4.86666,0.5904666666666669,25,22,6,False,
Bristol Palin,Mark Ballas,TV Personality,Alaska,United States,19,11,3,229.1664,7.368046666666666,0.3194428282828285,25,22,10,False,3.0
Ralph Macchio,Karina Smirnoff,Actor/Actress,New York,United States,49,12,4,217.0,6.958333333333334,0.06944444444444445,0,22,9,False,
Chelsea Kane,Mark Ballas,Actor/Actress,Arizona,United States,22,12,3,267.6666,8.655553333333334,0.4565644444444445,0,22,10,False,3.0
Kirstie Alley,Maksim Chmerkoskiy,Actor/Actress,Kansas,United States,60,12,2,246.4999,7.966663333333334,0.25454363636363636,0,22,10,False,2.0
Hines Ward,Kym Johnson,Athlete,Unknown,South Korea,35,12,1,267.6666,8.64722,0.2752513131313131,2,19,10,True,1.0
Sugar Ray Leonard,Anna Trebunskaya,Athlete,North Carolina,United States,54,12,9,75.0,2.5,0.4999999999999999,2,22,4,False,
Chris Jericho,Cheryl Burke,Athlete,New York,United States,40,12,7,134.0,4.466666666666667,0.24761904761904754,2,22,6,False,
Petra Nemcova,Dmitry Chaplin,Model,Unknown,Czechoslovakia,31,12,8,106.0,3.5333333333333337,0.43333333333333335,13,7,5,False,
Mike Catherwood,Lacey Schwimmer,Radio Personality,California,United States,32,12,11,30.0,1.0,1.333333333333334,20,22,2,False,
Romeo,Chelsie Hightower,Singer/Rapper,Louisiana,United States,21,12,5,195.0,6.25,0.2916666666666666,21,22,8,False,
Wendy Williams,Tony Dovolani,TV Personality,New Jersey,United States,46,12,10,46.0,1.5333333333333334,0.16666666666666652,25,22,3,False,
Kendra Wilkinson,Louis van Amstel,TV Personality,California,United States,25,12,6,155.5,4.929166666666667,0.30505952380952384,25,22,7,False,
Elisabetta Canalis,Valentin Chmerkovskiy,Actor/Actress,Unknown,Italy,33,13,11,36.0,1.2,2.0,0,12,2,False,
David Arquette,Kym Johnson,Actor/Actress,Virginia,United States,40,13,6,154.5,5.15,0.3273809523809524,0,22,7,False,
Ricki Lake,Derek Hough,Actor/Actress,New York,United States,42,13,3,265.9998,8.86666,0.2787846464646463,0,22,10,False,3.0
J.R. Martinez,Karina Smirnoff,Actor/Actress,Louisiana,United States,28,13,1,263.1665,8.772216666666667,0.22726969696969707,0,22,10,True,1.0
Metta World Peace (Ron),Peta Murgatroyd,Athlete,New York,United States,31,13,12,14.0,0.4666666666666667,0.0,2,22,1,False,
Hope Solo,Maksim Chmerkoskiy,Athlete,Washington,United States,30,13,4,207.4998,6.91666,0.18332888888888896,2,22,9,False,
Chynna Phillips,Tony Dovolani,Singer/Rapper,California,United States,43,13,9,90.0,3.0,0.0666666666666667,21,22,4,False,
Kristin Cavallari,Mark Ballas,TV Personality,Colorado,United States,24,13,10,65.0,2.1666666666666665,0.8333333333333334,25,22,3,False,
Carson Kressley,Anna Trebunskaya,TV Personality,Pennsylvania,United States,41,13,8,97.0,3.2333333333333334,0.19999999999999993,25,22,5,False,
Chaz Bono,Lacey Schwimmer,TV Personality,California,United States,42,13,7,113.0,3.766666666666667,0.23809523809523794,25,22,6,False,
Nancy Grace,Tristan MacManus,TV Personality,Georgia,United States,51,13,5,169.0,5.633333333333333,0.22619047619047614,25,22,8,False,
Rob Kardashian,Cheryl Burke,TV Personality,California,United States,24,13,2,243.833,8.127766666666668,0.40504525252525253,25,22,10,False,2.0
William Levy,Cheryl Burke,Actor/Actress,Unknown,Cuba,31,14,3,277.6666,9.255553333333335,0.20605939393939396,0,6,10,False,3.0
Jack Wagner,Anna Trebunskaya,Actor/Actress,Missouri,United States,52,14,11,68.0,2.2666666666666666,0.16666666666666652,0,22,3,False,
Sherri Sheperd,Valentin Chmerkovskiy,Actor/Actress,Illinois,United States,44,14,10,91.0,3.0333333333333337,-0.1666666666666668,0,22,4,False,
Jaleel White,Kym Johnson,Actor/Actress,California,United States,35,14,7,181.4998,6.049993333333333,0.32737619047619054,0,22,7,False,
Roshon Fegan,Chelsie Hightower,Actor/Actress,California,United States,20,14,6,207.9998,6.933326666666666,0.17460079365079367,0,22,8,False,
Melissa Gilbert,Maksim Chmerkoskiy,Actor/Actress,California,United States,47,14,5,186.0,6.199999999999999,0.28968253968253965,0,22,8,False,
Martina Navratilova,Tony Dovolani,Athlete,Unknown,Czechoslovakia,55,14,12,37.0,1.2333333333333334,-1.0,2,7,2,False,
Donald Driver,Peta Murgatroyd,Athlete,Texas,United States,37,14,1,271.1665,9.038883333333334,0.24747333333333338,2,22,10,True,1.0
Gavin DeGraw,Karina Smirnoff,Singer/Rapper,New York,United States,35,14,9,107.0,3.5666666666666673,-8.881784197001253e-17,21,22,5,False,
Gladys Knight,Tristan MacManus,Singer/Rapper,Georgia,United States,67,14,8,132.0,4.4,0.0952380952380952,21,22,6,False,
Katherine Jenkins,Mark Ballas,Singer/Rapper,Unknown,Wales,31,14,2,285.4999,9.516663333333332,0.12424222222222235,21,24,10,False,2.0
Maria Menounos,Derek Hough,TV Personality,Massachusetts,United States,33,14,4,240.4999,8.016663333333334,0.25277722222222226,25,22,9,False,
Gilles Marini,Peta Murgatroyd,Actor/Actress,Unknown,France,36,15,6,233.0275,7.438416666666666,0.3236821428571428,0,9,8,False,
Sabrina Bryan,Louis van Amstel,Actor/Actress,California,United States,28,15,8,168.75,5.329166666666667,0.46071428571428574,0,22,6,False,
Kirstie Alley,Maksim Chmerkoskiy,Actor/Actress,Kansas,United States,61,15,7,201.2499,6.458329999999999,0.37599007936507933,0,22,8,False,
Kelly Monaco,Valentin Chmerkovskiy,Actor/Actress,Pennsylvania,United States,36,15,3,281.3052,9.064340000000001,0.27437696969696973,0,22,10,False,3.0
Apolo Anton Ohno,Karina Smirnoff,Athlete,Washington,United States,30,15,5,255.6387,8.23379,0.3327894444444445,2,22,9,False,
Emmitt Smith,Cheryl Burke,Athlete,Florida,United States,43,15,4,253.0553,8.135176666666666,0.2675888888888888,2,22,9,False,
Shawn Johnson,Derek Hough,Athlete,Iowa,United States,20,15,2,293.5274,9.455079999999999,0.2536153535353537,2,22,10,False,2.0
Pamela Anderson,Tristan MacManus,Model,Unknown,Canada,45,15,13,17.0,0.5666666666666667,0.0,13,3,1,False,
Helio Castroneves,Chelsie Hightower,Racing Driver,Unknown,Brazil,37,15,10,70.0,2.3333333333333335,0.6666666666666665,19,2,3,False,
Joey Fatone,Kym Johnson,Singer/Rapper,New York,United States,35,15,12,43.0,1.4333333333333331,0.666666666666667,21,22,2,False,
Drew Lachey,Anna Trebunskaya,Singer/Rapper,Ohio,United States,36,15,11,68.0,2.2666666666666666,0.4166666666666665,21,22,3,False,
Bristol Palin,Mark Ballas,TV Personality,Alaska,United States,21,15,9,92.0,2.8,0.6,25,22,4,False,
Melissa Rycroft,Tony Dovolani,TV Personality,Texas,United States,29,15,1,293.3607,9.470356666666666,0.3271545454545455,25,22,10,True,1.0
Ingo Rademacher,Kym Johnson,Actor/Actress,Unknown,Germany,41,16,5,202.5,6.75,0.23333333333333334,0,10,9,False,
Zendaya,Valentin Chmerkovskiy,Actor/Actress,California,United States,16,16,2,272.9998,9.099993333333334,0.17777979797979795,0,22,10,False,2.0
Dorothy Hamill,Tristan MacManus,Athlete,Illinois,United States,56,16,12,36.0,1.2,-2.0,2,22,2,False,
Victor Ortiz,Lindsay Arnold,Athlete,Kansas,United States,26,16,8,118.0,3.9333333333333336,0.13333333333333336,2,22,6,False,
Alexandra Raisman,Mark Ballas,Athlete,Massachusetts,United States,18,16,4,264.5,8.816666666666666,0.3060606060606061,2,22,10,False,
Jacoby Jones,Karina Smirnoff,Athlete,Louisiana,United States,28,16,3,251.9997,8.399989999999999,0.24848505050505046,2,22,10,False,3.0
D. L. Hughley,Cheryl Burke,Comedian,Virginia,United States,50,16,9,83.0,2.7666666666666666,0.5666666666666668,4,22,5,False,
Andy Dick,Sharna Burgess,Comedian,South Carolina,United States,47,16,7,132.5,4.416666666666667,0.03571428571428571,4,22,7,False,
Wynonna Judd,Tony Dovolani,Singer/Rapper,Kentucky,United States,48,16,11,51.0,1.7,-0.5,21,22,3,False,
Kellie Pickler,Derek Hough,Singer/Rapper,North Carolina,United States,26,16,1,267.5,8.916666666666668,0.24949494949494946,21,22,10,True,1.0
Lisa Vanderpump,Gleb Savchenko,TV Personality,Unknown,England,52,16,10,75.0,2.5,0.1,25,8,4,False,
Sean Lowe,Peta Murgatroyd,TV Personality,Texas,United States,29,16,6,172.0,5.733333333333333,0.17460317460317462,25,22,8,False,
Valerie Harper,Tristan MacManus,Actor/Actress,New York,United States,74,17,10,74.0,2.242424242424242,-0.4,0,22,4,False,
Brant Daugherty,Peta Murgatroyd,Actor/Actress,Ohio,United States,28,17,7,206.5,6.257575757575759,0.3194444444444445,0,22,8,False,
Elizabeth Berkley Lauren,Valentin Chmerkovskiy,Actor/Actress,Michigan,United States,39,17,6,238.9998,7.242418181818182,0.1388877777777778,0,22,9,False,
Leah Remini,Tony Dovolani,Actor/Actress,New York,United States,43,17,5,256.9999,7.541663636363637,0.17146444444444447,0,22,10,False,
Corbin Bleu,Karina Smirnoff,Actor/Actress,New York,United States,24,17,2,313.66630000000004,9.220948484848485,0.16161212121212123,0,22,11,False,2.0
Amber Riley,Derek Hough,Actor/Actress,California,United States,27,17,1,313.8331,9.210851515151516,0.16413939393939397,0,22,11,True,1.0
Keyshawn Johnson,Sharna Burgess,Athlete,California,United States,41,17,12,35.0,1.0606060606060608,0.33333333333333304,2,22,2,False,
Bill Engvall,Emma Slater,Comedian,Texas,United States,56,17,4,257.4998,7.575751515151516,0.12575606060606054,4,22,11,False,
Christina Milian,Mark Ballas,Singer/Rapper,New Jersey,United States,31,17,9,125.0,3.7878787878787876,0.3666666666666668,21,22,5,False,
"Nicole ""Snooki"" Polizzi",Sasha Farber,TV Personality,Unknown,Chile,25,17,8,176.0,5.333333333333334,0.40476190476190466,25,4,7,False,
Jack Osbourne,Cheryl Burke,TV Personality,Unknown,England,27,17,3,295.99969999999996,8.700748484848484,0.19393787878787874,25,8,11,False,3.0
Bill Nye,Tyne Stecklein,TV Personality,Washington D.C.,United States,57,17,11,47.0,1.4242424242424243,0.33333333333333304,25,22,3,False,
Billy Dee Williams,Emma Slater,Actor/Actress,New York,United States,76,18,10,30.0,1.0,0.0,0,22,2,False,
Danica McKellar,Valentin Chmerkovskiy,Actor/Actress,California,United States,39,18,6,265.0,7.025,0.20535714285714285,0,22,8,False,
James Maslow,Peta Murgatroyd,Actor/Actress,New York,United States,23,18,4,330.0,8.875000000000002,0.18737373737373733,0,22,10,False,
Candace Cameron Bure,Mark Ballas,Actor/Actress,California,United States,37,18,3,307.9998,8.299993333333335,0.16969333333333333,0,22,10,False,3.0
Sean Avery,Karina Smirnoff,Athlete,Unknown,Canada,33,18,11,41.0,1.3666666666666667,0.33333333333333304,2,3,2,False,
Diana Nyad,Henry Byalikov,Athlete,New York,United States,64,18,12,18.0,0.6,0.0,2,22,1,False,
Charlie White,Sharna Burgess,Athlete,Michigan,United States,26,18,5,307.5,8.120833333333334,0.12499999999999997,2,22,9,False,
Amy Purdy,Derek Hough,Athlete,Nevada,United States,34,18,2,339.1666,9.126386666666667,0.22499878787878794,2,22,10,False,2.0
Meryl Davis,Maksim Chmerkoskiy,Athlete,Michigan,United States,27,18,1,348.0,9.358333333333334,0.16313131313131313,2,22,10,True,1.0
Drew Carey,Cheryl Burke,Comedian,Ohio,United States,55,18,8,165.0,4.475,0.16428571428571428,4,22,6,False,
Cody Simpson,Witney Carson,Singer/Rapper,Unknown,Australia,17,18,9,144.0,3.9666666666666663,0.2750000000000001,21,1,5,False,
NeNe Leakes,Tony Dovolani,TV Personality,New York,United States,46,18,7,207.0,5.525,0.26785714285714285,25,22,7,False,
Antonio Sabato Jr.,Cheryl Burke,Actor/Actress,Unknown,Italy,42,19,8,199.5,4.534090909090909,0.05803571428571428,0,12,7,False,
Jonathan Bennett,Allison Holker,Actor/Actress,Ohio,United States,33,19,9,172.0,3.909090909090909,-0.11428571428571427,0,22,6,False,
Lea Thompson,Artem Chigvintsev,Actor/Actress,Minnesota,United States,53,19,6,305.0,6.931818181818182,0.016666666666666666,0,22,9,False,
Janel Parrish,Valentin Chmerkovskiy,Actor/Actress,Hawaii,United States,25,19,3,397.9998,9.04545,0.18181590909090922,0,22,11,False,3.0
Alfonso Ribeiro,Witney Carson,Actor/Actress,New York,United States,42,19,1,404.0,9.181818181818182,0.14431818181818182,0,22,11,True,1.0
Lolo Jones,Keo Motsepe,Athlete,Iowa,United States,32,19,13,22.0,0.5,0.0,2,22,1,False,
Randy Couture,Karina Smirnoff,Athlete,Washington,United States,51,19,11,85.0,1.9318181818181819,-0.625,2,22,3,False,
Tommy Chong,Peta Murgatroyd,Comedian,Unknown,Canada,76,19,5,286.5,6.511363636363637,0.03863636363636364,4,3,10,False,
Betsey Johnson,Tony Dovolani,Fashion Designer,Connecticut,United States,72,19,10,106.0,2.409090909090909,0.7,8,22,4,False,
Michael Waltrip,Emma Slater,Racing Driver,Kentucky,United States,51,19,7,205.0,4.659090909090909,0.0625,19,22,8,False,
Tavis Smiley,Sharna Burgess,Radio Personality,Mississippi,United States,50,19,12,57.0,1.2954545454545454,-0.25,20,22,2,False,
Bethany Mota,Derek Hough,Social Media Personality,California,United States,18,19,4,396.5,9.011363636363637,0.1375,22,22,11,False,
Sadie Robertson,Mark Ballas,TV Personality,Louisiana,United States,17,19,2,386.83320000000003,8.791663636363637,0.13901363636363642,25,22,11,False,2.0
Suzanne Somers,Tony Dovolani,Actor/Actress,California,United States,68,20,9,134.0,3.35,0.15000000000000002,0,22,5,False,
Willow Shields,Mark Ballas,Actor/Actress,New Mexico,United States,14,20,7,237.5,5.9375,0.4732142857142857,0,22,7,False,
Riker Lynch,Allison Holker,Actor/Actress,Colorado,United States,23,20,2,363.0,9.075,0.2590909090909091,0,22,10,False,2.0
Rumer Willis,Valentin Chmerkovskiy,Actor/Actress,Kentucky,United States,26,20,1,362.5,9.0625,0.24015151515151517,0,22,10,True,1.0
Nastia Liukin,Derek Hough,Athlete,Unknown,Russia,25,20,4,327.5,8.1875,0.27708333333333335,2,17,9,False,
Michael Sam,Peta Murgatroyd,Athlete,Texas,United States,25,20,10,108.0,2.7,0.2,2,22,4,False,
Robert Herjavec,Kym Johnson,Entrepreneur,Unknown,Croatia,52,20,6,238.5,5.9625,0.11755952380952381,7,5,8,False,
Charlotte McKinney,Keo Motsepe,Model,Florida,United States,21,20,11,70.0,1.75,0.0,13,22,3,False,
Noah Galloway,Sharna Burgess,Motivational Speaker,Alabama,United States,33,20,3,320.5,8.0125,0.3007575757575758,14,22,10,False,3.0
Redfoo,Emma Slater,Singer/Rapper,California,United States,39,20,12,53.0,1.325,2.25,21,22,2,False,
Patti LaBelle,Artem Chigvintsev,Singer/Rapper,Pennsylvania,United States,70,20,8,166.0,4.15,0.3571428571428571,21,22,6,False,
Chris Soules,Witney Carson,TV Personality,Iowa,United States,33,20,5,227.0,5.675,0.33630952380952384,25,22,8,False,
Gary Busey,Anna Trebunskaya,Actor/Actress,Texas,United States,71,21,10,72.5,2.0075757575757573,0.1749999999999999,0,22,4,False,
Alexa PenaVega,Mark Ballas,Actor/Actress,Florida,United States,27,21,6,256.4998,6.969690909090909,0.25832999999999995,0,22,9,False,
Carlos PenaVega,Witney Carson,Actor/Actress,Missouri,United States,26,21,4,323.9998,8.999993939393939,0.2696957575757576,0,22,11,False,
Victor Espinoza,Karina Smirnoff,Athlete,Unknown,Mexico,43,21,12,33.5,1.0151515151515154,1.166666666666667,2,13,2,False,
Alek Skarlatos,Lindsay Arnold,Military,California,United States,22,21,3,293.9999,8.212118181818182,0.19090757575757578,12,22,11,False,3.0
Chaka Khan,Keo Motsepe,Singer/Rapper,Illinois,United States,62,21,13,28.0,0.8484848484848484,0.666666666666667,21,22,2,False,
Andy Grammer,Allison Holker,Singer/Rapper,California,United States,31,21,7,222.9998,5.962115151515152,0.31646269841269853,21,22,8,False,
Tamar Braxton,Valentin Chmerkovskiy,Singer/Rapper,Maryland,United States,38,21,5,256.0,6.984848484848484,0.13333333333333333,21,22,9,False,
Nick Carter,Sharna Burgess,Singer/Rapper,New York,United States,35,21,2,328.0,9.106060606060607,0.18863636363636366,21,22,11,False,2.0
Hayes Grier,Emma Slater,Social Media Personality,North Carolina,United States,15,21,8,190.5,5.075757575757576,0.28571428571428575,22,22,7,False,
Bindi Irwin,Derek Hough,TV Personality,Unknown,Australia,17,21,1,333.5,9.280303030303031,0.24015151515151514,25,1,11,True,1.0
Kim Zolciak-Biermann,Tony Dovolani,TV Personality,Florida,United States,37,21,11,30.5,0.9242424242424243,2.166666666666667,25,22,2,False,
Paula Deen,Louis van Amstel,TV Personality,Georgia,United States,68,21,9,121.5,3.151515151515152,0.19999999999999998,25,22,6,False,
Mischa Barton,Artem Chigvintsev,Actor/Actress,Unknown,England,30,22,11,49.0,1.6333333333333333,0.3333333333333335,0,8,3,False,
Kim Fields,Sasha Farber,Actor/Actress,New York,United States,46,22,8,171.0,5.2,0.32142857142857134,0,22,7,False,
Jodie Sweetin,Keo Motsepe,Actor/Actress,California,United States,34,22,6,206.5,6.366666666666667,0.4146825396825397,0,22,8,False,
Doug Flutie,Karina Smirnoff,Athlete,Maryland,United States,53,22,9,128.0,3.8333333333333335,0.2952380952380952,2,22,6,False,
Von Miller,Witney Carson,Athlete,Texas,United States,27,22,7,172.0,5.225,0.294642857142857,2,22,7,False,
Antonio Brown,Sharna Burgess,Athlete,Florida,United States,27,22,5,228.5,7.1083333333333325,0.348611111111111,2,22,9,False,
Paige VanZant,Mark Ballas,Athlete,Oregon,United States,22,22,2,277.6666,8.69722,0.29848363636363645,2,22,10,False,2.0
Geraldo Rivera,Edyta Sliwinska,Journalist,New York,United States,72,22,12,26.0,0.8666666666666666,0.0,10,22,2,False,
Nyle DiMarco,Peta Murgatroyd,Model,New York,United States,26,22,1,278.4998,8.69166,0.27928929292929283,13,22,10,True,1.0
Ginger Zee,Valentin Chmerkovskiy,News Anchor,California,United States,35,22,3,270.8332,8.461106666666666,0.28989656565656563,16,22,10,False,3.0
Wanya Morris,Lindsay Arnold,Singer/Rapper,Pennsylvania,United States,42,22,4,247.5,7.708333333333334,0.2263888888888889,21,22,9,False,
Marla Maples,Tony Dovolani,TV Personality,Georgia,United States,52,22,10,90.0,2.7666666666666666,0.033333333333333305,25,22,4,False,
Jake T. Austin,Jenna Johnson,Actor/Actress,New York,United States,21,23,13,46.0,1.0454545454545454,0.5,0,22,2,False,
Maureen McCormick,Artem Chigvintsev,Actor/Actress,California,United States,60,23,8,188.0,4.636363636363637,0.4196428571428571,0,22,7,False,
Marilu Henner,Derek Hough,Actor/Actress,Illinois,United States,64,23,6,255.0,6.333333333333334,0.2541666666666667,0,22,9,False,
Ryan Lochte,Cheryl Burke,Athlete,New York,United States,32,23,7,208.0,5.2727272727272725,0.40873015873015867,2,22,8,False,
Calvin Johnson Jr.,Lindsay Arnold,Athlete,Georgia,United States,30,23,3,340.3331,8.530297727272727,0.3128761363636364,2,22,11,False,3.0
Laurie Hernandez,Valentin Chmerkovskiy,Athlete,New Jersey,United States,16,23,1,362.83320000000003,9.140148484848487,0.24961969696969702,2,22,11,True,1.0
Amber Rose,Maksim Chmerkoskiy,Model,Pennsylvania,United States,32,23,9,149.0,3.75,0.3642857142857143,13,22,6,False,
Rick Perry,Emma Slater,Politician,Texas,United States,66,23,12,65.0,1.4772727272727273,0.375,17,22,3,False,
James Hinchcliffe,Sharna Burgess,Racing Driver,Unknown,Canada,29,23,2,360.4996,9.113625757575758,0.2712086363636364,19,3,11,False,2.0
Babyface,Allison Holker,Singer/Rapper,Indiana,United States,57,23,11,99.0,2.3863636363636362,-0.275,21,22,4,False,
Vanilla Ice,Witney Carson,Singer/Rapper,Texas,United States,48,23,10,97.0,2.378787878787879,0.3500000000000001,21,22,4,False,
Jana Kramer,Gleb Savchenko,Singer/Rapper,Michigan,United States,32,23,4,340.0,8.545454545454545,0.32196969696969696,21,22,11,False,
Terra Jole,Sasha Farber,TV Personality,Texas,United States,36,23,5,294.5,7.496212121212122,0.29015151515151516,25,22,10,False,
Charo,Keo Motsepe,Actor/Actress,Unknown,Spain,66,24,11,70.0,1.75,0.375,0,20,3,False,
Mr. T,Kym Herjavec,Actor/Actress,Illinois,United States,64,24,10,94.0,2.35,0.65,0,22,4,False,
Heather Morris,Maksim Chmerkoskiy,Actor/Actress,California,United States,30,24,8,197.0,4.925,0.4214285714285714,0,22,6,False,
Nancy Kerrigan,Artem Chigvintsev,Athlete,Massachusetts,United States,47,24,7,227.5,5.6875,0.33928571428571425,2,22,7,False,
Bonner Bolton,Sharna Burgess,Athlete,Texas,United States,29,24,5,227.5,5.6875,0.25148809523809523,2,22,8,False,
Simone Biles,Sasha Farber,Athlete,Ohio,United States,20,24,4,316.5,7.9125,0.2729166666666667,2,22,9,False,
David Ross,Lindsay Arnold,Athlete,Georgia,United States,40,24,2,312.8333,7.8208325,0.2174237878787879,2,22,10,False,2.0
Rashad Jennings,Emma Slater,Athlete,Virginia,United States,32,24,1,351.6666,8.791665,0.2636354545454546,2,22,10,True,1.0
Chris Kattan,Witney Carson,Comedian,California,United States,46,24,12,39.0,0.975,1.25,4,22,2,False,
Erika Jayne,Gleb Savchenko,Singer/Rapper,Georgia,United States,45,24,9,140.0,3.5,0.45,21,22,5,False,
Normani,Valentin Chmerkovskiy,Singer/Rapper,Georgia,United States,20,24,3,358.83320000000003,8.970830000000001,0.3143921212121213,21,22,10,False,3.0
Nick Viall,Peta Murgatroyd,TV Personality,Wisconsin,United States,36,24,6,203.5,5.0875,0.4375,25,22,7,False,
Sasha Pieterse,Gleb Savchenko,Actor/Actress,Unknown,South Africa,21,25,10,107.5,3.583333333333333,0.45,0,18,5,False,
Frankie Muniz,Witney Carson,Actor/Actress,New Jersey,United States,31,25,3,268.8887,8.380550833333334,0.2863610606060607,0,22,10,False,3.0
Jordan Fisher,Lindsay Arnold,Actor/Actress,Alabama,United States,23,25,1,295.0,9.175,0.253030303030303,0,22,10,True,1.0
Derek Fisher,Sharna Burgess,Athlete,Arkansas,United States,43,25,11,81.0,2.7,0.5666666666666668,2,22,4,False,
Nikki Bella,Artem Chigvintsev,Athlete,California,United States,33,25,8,171.5,5.416666666666667,0.3928571428571428,2,22,7,False,
Terrell Owens,Cheryl Burke,Athlete,Alabama,United States,43,25,6,191.5,6.075,0.4751984126984127,2,22,8,False,
Victoria Arlen,Valentin Chmerkovskiy,Athlete,New Hamshire,United States,22,25,5,228.5,7.3583333333333325,0.2847222222222223,2,22,9,False,
Barbara Corcoran,Keo Motsepe,Entrepreneur,New Jersey,United States,68,25,13,31.0,1.0333333333333334,1.0,7,22,2,False,
Lindsey Stirling,Mark Ballas,Musician,California,United States,31,25,2,286.5,8.883333333333335,0.2313131313131313,15,22,10,False,2.0
Debbie Gibson,Alan Bersten,Singer/Rapper,New York,United States,47,25,12,37.5,1.25,1.166666666666666,21,22,2,False,
Nick Lachey,Peta Murgatroyd,Singer/Rapper,Kentucky,United States,43,25,9,128.0,4.05,0.16666666666666666,21,22,6,False,
Drew Scott,Emma Slater,TV Personality,Unknown,Canada,39,25,4,252.0,7.8375,0.2972222222222222,25,3,10,False,
Vanessa Lachey,Maksim Chmerkoskiy,TV Personality,Unknown,Philippines,36,25,7,178.5,5.65,0.30952380952380953,25,15,7,False,
Jamie Anderson,Artem Chigvintsev,Athlete,California,United States,27,26,10,19.0,1.5833333333333333,0.0,2,22,1,False,
Johnny Damon,Emma Slater,Athlete,Kansas,United States,44,26,9,18.0,1.5,0.0,2,22,1,False,
Kareem Abdul-Jabbar,Lindsay Arnold,Athlete,New York,United States,71,26,8,46.5,3.260416666666667,1.708333333333333,2,22,2,False,
Arike Ogunbowale,Gleb Savchenko,Athlete,Wisconsin,United States,21,26,7,55.0,3.854166666666667,2.083333333333333,2,22,2,False,
Jennie Finch Daigle,Keo Motsepe,Athlete,California,United States,37,26,6,81.5,5.53125,0.125,2,22,3,False,
Chris Mazdzer,Witney Carson,Athlete,Massachusetts,United States,29,26,5,87.0,5.875,0.625,2,22,3,False,
Mirai Nagasu,Alan Bersten,Athlete,California,United States,25,26,4,95.0,6.416666666666667,0.5416666666666665,2,22,3,False,
Tonya Harding,Sasha Farber,Athlete,Oregon,United States,47,26,3,119.0,8.5,0.55,2,22,4,False,3.0
Josh Norman,Sharna Burgess,Athlete,South Carolina,United States,30,26,2,122.0,8.71875,0.6125,2,22,4,False,2.0
Adam Rippon,Jenna Johnson,Athlete,Pennsylvania,United States,28,26,1,131.0,9.291666666666666,0.5999999999999999,2,22,4,True,1.0
Juan Pablo Di Pace,Cheryl Burke,Actor/Actress,Unknown,Argentina,39,27,5,219.0,8.11111111111111,0.2817460317460318,0,0,8,False,
Evanna Lynch,Keo Motsepe,Actor/Actress,Unknown,Ireland,27,27,3,234.5,8.685185185185183,0.4055555555555556,0,11,9,False,3.0
Nancy McKeon,Valentin Chmerkovskiy,Actor/Actress,New York,United States,52,27,11,62.0,2.296296296296296,0.4166666666666665,0,22,3,False,
John Schneider,Emma Slater,Actor/Actress,New York,United States,58,27,8,151.5,5.611111111111111,0.29761904761904756,0,22,7,False,
Milo Manheim,Witney Carson,Actor/Actress,California,United States,17,27,2,245.5,9.092592592592592,0.275,0,22,9,False,2.0
Danelle Umstead,Artem Chigvintsev,Athlete,New Mexico,United States,46,27,12,36.5,1.351851851851852,0.16666666666666696,2,22,2,False,
Mary Lou Retton,Sasha Farber,Athlete,West Virginia,United States,50,27,9,142.0,5.2592592592592595,0.26666666666666666,2,22,6,False,
DeMarcus Ware,Lindsay Arnold,Athlete,Alabama,United States,36,27,7,173.0,6.407407407407407,0.18452380952380953,2,22,7,False,
Nikki Glaser,Gleb Savchenko,Comedian,Ohio,United States,34,27,13,17.5,0.6481481481481481,0.0,4,22,1,False,
Bobby Bones,Sharna Burgess,Radio Personality,Arkansas,United States,38,27,1,201.5,7.462962962962964,0.25555555555555554,20,22,9,True,1.0
Tinashe,Brandon Armstrong,Singer/Rapper,Kentucky,United States,25,27,10,102.0,3.7777777777777777,0.33333333333333315,21,22,4,False,
Alexis Ren,Alan Bersten,Social Media Personality,California,United States,21,27,4,238.5,8.833333333333334,0.24722222222222223,22,22,9,False,
Joe Amabile,Jenna Johnson,TV Personality,Illinois,United States,32,27,6,150.0,5.555555555555555,0.42460317460317465,25,22,8,False,
Kate Flannery,Pasha Pashkov,Actor/Actress,Pennsylvania,United States,55,28,7,186.9998,5.469690909090909,0.4186452380952381,0,22,8,False,
James Van Der Beek,Emma Slater,Actor/Actress,Connecticut,United States,42,28,5,265.4998,7.5606,0.31009898989899,0,22,10,False,
Kel Mitchell,Witney Carson,Actor/Actress,Illinois,United States,41,28,2,290.4998,8.28029696969697,0.4128775757575759,0,22,11,False,2.0
Ray Lewis,Cheryl Burke,Athlete,Florida,United States,44,28,11,30.0,0.9090909090909091,0.0,2,22,2,False,
Lamar Odom,Peta Murgatroyd,Athlete,New York,United States,39,28,10,55.0,1.515151515151515,0.4,2,22,4,False,
Sailor Brinkley-Cook,Valentin Chmerkovskiy,Model,New York,United States,21,28,9,141.0,4.037878787878788,0.6023809523809524,13,22,6,False,
Sean Spicer,Lindsay Arnold,Politician,New York,United States,48,28,6,170.0,4.803030303030303,0.3125,17,22,9,False,
Mary Wilson,Brandon Armstrong,Singer/Rapper,Nevada,United States,75,28,12,32.0,0.9696969696969698,-0.666666666666667,21,22,2,False,
Lauren Alaina,Gleb Savchenko,Singer/Rapper,Georgia,United States,24,28,4,280.5,7.992424242424241,0.30984848484848493,21,22,11,False,
Ally Brooke,Sasha Farber,Singer/Rapper,Texas,United States,26,28,3,300.5,8.56060606060606,0.41818181818181815,21,22,11,False,3.0
Karamo Brown,Jenna Johnson,TV Personality,Texas,United States,38,28,8,150.5,4.348484848484848,0.47023809523809523,25,22,7,False,
Hannah Brown,Alan Bersten,TV Personality,Alabama,United States,24,28,1,294.4998,8.412872727272728,0.26931696969696967,25,22,11,True,1.0
Anne Heche,Keo Motsepe,Actor/Actress,Ohio,United States,51,29,13,72.0,2.1818181818181817,0.2,0,22,4,False,
Jesse Metcalfe,Sharna Burgess,Actor/Actress,California,United States,41,29,12,98.0,2.96969696969697,0.09999999999999992,0,22,5,False,
Chrishell Stause,Gleb Savchenko,Actor/Actress,Kentucky,United States,39,29,8,171.0,5.181818181818182,0.5595238095238095,0,22,8,False,
Skai Jackson,Alan Bersten,Actor/Actress,New York,United States,18,29,5,235.4996,7.136351515151515,0.4070658585858586,0,22,10,False,
Justina Machado,Sasha Farber,Actor/Actress,Illinois,United States,48,29,4,275.9996,8.363624242424244,0.3333303030303031,0,22,11,False,
Charles Oakley,Emma Slater,Athlete,Ohio,United States,56,29,15,27.0,0.8181818181818182,1.0,2,22,2,False,
Veron Davis,Peta Murgatroyd,Athlete,Washington D.C.,United States,36,29,11,121.0,3.666666666666667,0.27619047619047615,2,22,6,False,
Johnny Weir,Britt Stewart,Athlete,Pennsylvania,United States,36,29,6,250.5,7.590909090909091,0.4252525252525253,2,22,10,False,
Nev Schulman,Jenna Johnson,Producer,New York,United States,35,29,2,289.9998,8.787872727272728,0.3545436363636364,18,22,11,False,2.0
AJ McLean,Cheryl Burke,Singer/Rapper,Florida,United States,42,29,7,210.9998,6.393933333333334,0.36110666666666674,21,22,9,False,
Nelly,Daniella Karagach,Singer/Rapper,Texas,United States,45,29,3,252.5,7.6515151515151505,0.39242424242424256,21,22,11,False,3.0
Kaitlyn Bristowe,Artem Chigvintsev,TV Personality,Unknown,Canada,35,29,1,286.0,8.666666666666668,0.32121212121212117,25,3,11,True,1.0
Carole Baskin,Pasha Pashkov,TV Personality,Texas,United States,59,29,14,39.0,1.1818181818181819,0.16666666666666674,25,22,3,False,
Monica Aldama,Valentin Chmerkovskiy,TV Personality,Alabama,United States,48,29,10,155.0,4.696969696969696,0.42857142857142855,25,22,7,False,
Jeannie Mai,Brandon Armstrong,TV Personality,California,United States,41,29,9,153.0,4.636363636363637,0.4404761904761905,25,22,7,False,
Martin Kove,Britt Stewart,Actor/Actress,New York,United States,75,30,15,28.0,0.7,0.5,0,22,2,False,
Brian Austin Green,Sharna Burgess,Actor/Actress,California,United States,48,30,13,92.0,2.458333333333333,0.20833333333333331,0,22,4,False,
Melora Hardin,Artem Chigvintsev,Actor/Actress,Texas,United States,54,30,6,298.5,7.654166666666667,0.4048611111111111,0,22,9,False,
Matt James,Lindsay Arnold,Athlete,North Carolina,United States,29,30,12,94.5,2.529166666666667,0.4541666666666667,2,22,4,False,
"Mike ""The Miz"" Mizanin",Witney Carson,Athlete,Ohio,United States,40,30,9,202.5,5.245833333333333,0.38095238095238093,2,22,7,False,
Suni Lee,Sasha Farber,Athlete,Minnesota,United States,18,30,5,296.5,7.5875,0.3916666666666667,2,22,9,False,
Iman Shumpert,Daniella Karagach,Athlete,Illinois,United States,31,30,1,311.0,7.933333333333333,0.49444444444444446,2,22,10,True,1.0
Cody Rigsby,Cheryl Burke,Fitness Instructor,California,United States,34,30,3,310.5,7.9125,0.45681818181818185,9,22,10,False,3.0
Melanie C,Gleb Savchenko,Singer/Rapper,Unknown,England,47,30,11,148.0,3.883333333333333,0.525,21,8,5,False,
Jimmie Allen,Emma Slater,Singer/Rapper,Delaware,United States,36,30,7,243.5,6.254166666666667,0.47767857142857145,21,22,8,False,
Olivia Jade,Valentin Chmerkovskiy,Social Media Personality,California,United States,21,30,8,261.0,6.725,0.49107142857142855,22,22,8,False,
JoJo Siwa,Jenna Johnson,Social Media Personality,Nebraska,United States,18,30,2,359.0,9.175,0.33181818181818185,22,22,10,False,2.0
Christine Chiu,Pasha Pashkov,TV Personality,Unknown,Taiwan China,38,30,14,70.0,1.925,0.375,25,21,3,False,
Kenya Moore,Brandon Armstrong,TV Personality,Michigan,United States,50,30,10,168.5,4.3875,0.48214285714285715,25,22,6,False,
Amanda Kloots,Alan Bersten,TV Personality,Ohio,United States,39,30,4,349.5,8.9375,0.3037878787878788,25,22,10,False,
Jason Lewis,Peta Murgatroyd,Actor/Actress,California,United States,51,31,16,18.0,0.45,0.0,0,22,1,False,
Cheryl Ladd,Louis van Amstel,Actor/Actress,South Dakota,United States,71,31,14,66.0,1.65,0.375,0,22,3,False,
Selma Blair,Sasha Farber,Actor/Actress,Michigan,United States,50,31,12,156.0,3.9,0.7000000000000001,0,22,5,False,
Joseph Baena,Daniella Karagach,Actor/Actress,California,United States,24,31,11,139.0,3.475,0.7000000000000001,0,22,5,False,
Trevor Donovan,Emma Slater,Actor/Actress,California,United States,39,31,6,286.5,7.1625,0.4291666666666667,0,22,9,False,
Daniel Durant,Britt Stewart,Actor/Actress,Michigan,United States,32,31,5,293.5,7.3375,0.3166666666666667,0,22,9,False,
Wayne Brady,Witney Carson,Comedian,Georgia,United States,50,31,3,362.5,9.0625,0.2598484848484849,4,22,10,False,3.0
Sam Champion,Cheryl Burke,News Anchor,Kentucky,United States,61,31,13,96.0,2.4,0.35,16,22,4,False,
Jessie James Decker,Alan Bersten,Singer/Rapper,Unknown,Italy,34,31,10,170.0,4.25,0.7,21,12,6,False,
Jordin Sparks,Brandon Armstrong,Singer/Rapper,Arizona,United States,32,31,9,220.0,5.5,0.4107142857142857,21,22,7,False,
Heidi D'Amelio,Artem Chigvintsev,Social Media Personality,Louisiana,United States,50,31,8,263.0,6.575,0.38392857142857145,22,22,8,False,
Charli D'Amelio,Mark Ballas,Social Media Personality,Connecticut,United States,18,31,1,379.0,9.475,0.29545454545454547,22,22,10,True,1.0
Teresa Giudice,Pasha Pashkov,TV Personality,New Jersey,United States,50,31,15,43.0,1.075,0.75,25,22,2,False,
Vinny Guadagnino,Koko Iwasaki,TV Personality,New York,United States,34,31,7,215.5,5.3875,0.36755952380952384,25,22,8,False,
Shangela,Gleb Savchenko,TV Personality,Texas,United States,40,31,4,345.5,8.6375,0.3340909090909091,25,22,10,False,
Gabby Windey,Valentin Chmerkovskiy,TV Personality,Illinois,United States,31,31,2,362.5,9.0625,0.2931818181818182,25,22,10,False,2.0
Jamie Lynn Spears,Alan Bersten,Actor/Actress,Mississippi,United States,32,32,13,31.0,0.9393939393939393,0.33333333333333304,0,22,2,False,
Mira Sorvino,Gleb Savchenko,Actor/Actress,New York,United States,55,32,10,104.0,2.9545454545454546,0.43333333333333324,0,22,5,False,
Barry Williams,Peta Murgatroyd,Actor/Actress,California,United States,68,32,7,197.5,5.041666666666666,0.5570436507936508,0,22,8,False,
Alyson Hannigan,Sasha Farber,Actor/Actress,Washington D.C.,United States,49,32,5,281.0,7.318181818181817,0.4083333333333334,0,22,11,False,
Xochitl Gomez,Valentin Chmerkovskiy,Actor/Actress,California,United States,17,32,1,349.0,9.121212121212123,0.3333333333333333,0,22,11,True,1.0
Adrian Peterson,Britt Stewart,Athlete,Texas,United States,38,32,11,76.0,2.1363636363636362,0.35,2,22,4,False,
Matt Walsh,Koko Iwasaki,Comedian,Illinois,United States,58,32,14,12.0,0.36363636363636365,0.0,4,22,1,False,
Tyson Beckford,Jenna Johnson,Model,New York,United States,52,32,12,50.0,1.3636363636363635,0.5,13,22,3,False,
Jason Mraz,Daniella Karagach,Singer/Rapper,Virginia,United States,46,32,2,339.5,8.886363636363637,0.25681818181818183,21,22,11,False,2.0
Lele Pons,Brandon Armstrong,Social Media Personality,Unknown,Venezuela,27,32,8,186.5,4.890151515151515,0.5044642857142857,22,23,7,False,
Harry Jowsey,Rylee Arnold,TV Personality,Unknown,Australia,26,32,6,209.0,5.25,0.4041666666666666,25,1,9,False,
Mauricio Umansky,Emma Slater,TV Personality,Unknown,Mexico,53,32,9,126.0,3.3939393939393936,0.8238095238095238,25,13,6,False,
Charity Lawson,Artem Chigvintsev,TV Personality,Georgia,United States,27,32,4,337.0,8.825757575757576,0.28636363636363643,25,22,11,False,
Ariana Madix,Pasha Pashkov,TV Personality,Florida,United States,38,32,3,339.5,8.840909090909092,0.309090909090909,25,22,11,False,3.0
Tori Spelling,Pasha Pashkov,Actor/Actress,California,United States,51,33,12,36.0,1.3333333333333333,0.6666666666666661,0,22,2,False,
Eric Roberts,Britt Stewart,Actor/Actress,California,United States,68,33,10,53.0,1.75,0.375,0,22,3,False,
Reginald VelJohnson,Emma Slater,Actor/Actress,New York,United States,74,33,10,52.0,1.7314814814814814,-0.04166666666666652,0,22,3,False,
Chandler Kinney,Brandon Armstrong,Actor/Actress,California,United States,24,33,3,261.5,9.069444444444445,0.3291666666666666,0,22,9,False,3.0
Dwight Howard ,Daniella Karagach,Athlete,Georgia,United States,38,33,6,178.0,6.083333333333333,0.33928571428571436,2,22,7,False,
Danny Amendola,Witney Carson,Athlete,Texas,United States,39,33,5,241.0,8.314814814814815,0.3166666666666667,2,22,9,False,
Stephen Nedoroscik,Rylee Arnold,Athlete,Florida,United States,26,33,4,242.0,8.37037037037037,0.32361111111111124,2,22,9,False,
Ilona Maher,Alan Bersten,Athlete,California,United States,28,33,2,232.0,8.037037037037036,0.4138888888888889,2,22,9,False,2.0
Anna Delvey,Ezra Sosa,Con artist,Unknown,Russia,33,33,12,35.0,1.2962962962962965,-0.33333333333333304,5,17,2,False,
Brooks Nader,Gleb Savchenko,Model,New York,United States,27,33,9,100.5,3.1435185185185186,0.6958333333333333,13,22,4,False,
Phaedra Parks,Val Chmerkovskiy,TV Personality,Georgia,United States,51,33,8,124.0,4.037037037037036,0.4333333333333334,25,22,5,False,
Jenn Tran,Sasha Farber,TV Personality,Florida,United States,26,33,7,157.5,5.25,0.7642857142857145,25,22,6,False,
Joey Graziadei,Jenna Johnson,TV Personality,Louisiana,United States,29,33,1,258.0,8.898148148148147,0.34722222222222227,25,22,9,True,1.0
Corey Feldman,Jenna Johnson,Actor/Actress,California,United States,54,34,13,24.0,0.8636363636363636,0.5,0,22,2,False,
Danielle Fishel,Pasha Pashkov,Actor/Actress,California,United States,44,34,8,210.0,5.507575757575757,0.4890873015873016,0,22,8,False,
Elaine Hendrix,Alan Bersten (Rashad Jennings week 9),Actor/Actress,Georgia,United States,55,34,5,306.9998,8.1856,0.3416636363636364,0,22,11,False,
Baron Davis,Britt Stewart,Athlete,California,United States,46,34,13,28.0,1.0,1.0,2,22,2,False,
Jordan Chiles,Ezra Sosa (Apolo Anton Ohno week 9),Athlete,Texas,United States,24,34,3,325.1666,8.588381818181817,0.39419090909090915,2,22,11,False,3.0
Andy Richter,Emma Slater/Kaitlyn Bristowe (week 9),Comedian,California,United States,59,34,7,204.0,5.234848484848484,0.39583333333333337,4,22,9,False,
Robert Irwin,Witney Carson (Xoshitl Gomez week 9),Conservationist,Unknown,Australia,22,34,1,332.1666,8.838381818181817,0.3388878787878789,6,1,11,True,1.0
Hilaria Baldwin,Gleb Savchenko,Entrepreneur,New York,United States,41,34,11,80.0,2.6363636363636362,0.2333333333333334,7,22,4,False,
Lauren Jauregui,Brandon Armstrong,Singer/Rapper,Florida,United States,29,34,12,52.0,1.7727272727272727,-0.25,21,22,3,False,
Scott Hoying,Rylee Arnold,Singer/Rapper,California,United States,34,34,10,129.0,3.6212121212121207,0.40476190476190477,21,22,6,False,
Alix Earle,Val Chmerkovskiy (Joey Graziadei week 9),Social media personality,Florida,United States,24,34,2,331.5,8.791666666666668,0.3674242424242423,23,22,11,False,2.0
Jen Affleck,Jan Ravnik,TV Personality,Utah,United States,26,34,9,171.0,4.643939393939394,0.3482142857142857,25,22,7,False,
Whitney Leavitt,Mark Ballas,TV Personality,Utah,United States,32,34,6,310.5,8.155303030303031,0.35782828282828283,25,22,10,False,
Dylan Efron,Daniella Karagach (Rumer Willis week 9),TV Personality,California,United States,33,34,4,318.8332,8.404036363636363,0.423230303030303,25,22,11,False,
